ÁöÁ¡,ÁöÁ¡¸í,ÀÏ½Ã,ÃÖÀú±â¿Â(¡ÆC),ÃÖ°í±â¿Â(¡ÆC),ÀÏ°­¼ö·®(mm),Æò±Õ Ç³¼Ó(m/s),Æò±Õ »ó´ë½Àµµ(%),°¡Á¶½Ã°£(hr),ÇÕ°è ÀÏ»ç·®(MJ/m2),Æò±Õ Àü¿î·®(1/10)
105,°­¸ª,2017-01-01,4,9.2,,4.4,39.4,9.6,8.81,
105,°­¸ª,2017-01-02,6.2,11.8,,4.1,44.6,9.6,9.91,
105,°­¸ª,2017-01-03,3,12.3,,3.1,32.1,9.6,10.73,
105,°­¸ª,2017-01-04,2.2,10.4,,2.5,42.8,9.7,10.44,
105,°­¸ª,2017-01-05,1.4,3.7,6,1.6,81.3,9.7,1.24,
105,°­¸ª,2017-01-06,2.4,10,0,1.7,74,9.7,10.14,
105,°­¸ª,2017-01-07,2.4,12.3,,2.5,56.9,9.7,9.97,
105,°­¸ª,2017-01-08,4.2,7.5,1.5,1.7,79.8,9.7,2.92,
105,°­¸ª,2017-01-09,3.3,10.3,.5,3.1,48,9.7,11.03,
105,°­¸ª,2017-01-10,-2.1,5.1,,3.6,28.8,9.7,11.29,
105,°­¸ª,2017-01-11,-4.9,3.7,,3.1,23,9.8,12,
105,°­¸ª,2017-01-12,-2.5,5.6,,3.2,27.6,9.8,11.31,
105,°­¸ª,2017-01-13,-5.1,.9,,3.5,30.9,9.8,10.39,
105,°­¸ª,2017-01-14,-8.2,-2.5,,3.7,22.8,9.8,12.53,
105,°­¸ª,2017-01-15,-7.2,4.9,,3.2,21.8,9.8,12.64,
105,°­¸ª,2017-01-16,-4.4,3.8,,3.1,45.9,9.9,9.33,
105,°­¸ª,2017-01-17,-2.7,8.3,,2.8,32,9.9,11.81,
105,°­¸ª,2017-01-18,.1,8.4,,3.3,36.6,9.9,10.27,
105,°­¸ª,2017-01-19,-1.2,7.6,,2.4,46.5,9.9,10.66,
105,°­¸ª,2017-01-20,-4.9,2.1,24,2.5,71.3,10,1.84,
105,°­¸ª,2017-01-21,-5.2,1.6,,4.2,50.3,10,11.86,
105,°­¸ª,2017-01-22,-7.5,.1,,3.8,39,10,13.03,
105,°­¸ª,2017-01-23,-9.6,.2,,3.6,35.8,10.1,12.8,
105,°­¸ª,2017-01-24,-6.9,2.4,,2.8,31.3,10.1,13.54,
105,°­¸ª,2017-01-25,-5,5.5,,2.8,28.8,10.1,13.75,
105,°­¸ª,2017-01-26,-2.8,8.6,,3.7,26.3,10.1,9.77,
105,°­¸ª,2017-01-27,-.1,6.8,0,4.4,33.5,10.2,13.64,
105,°­¸ª,2017-01-28,-2.8,8,,2.6,39.4,10.2,12.74,
105,°­¸ª,2017-01-29,1.1,5.4,4.5,1.2,62.8,10.2,1.46,
105,°­¸ª,2017-01-30,-3.1,3.2,12,2.4,72.9,10.3,5.77,
105,°­¸ª,2017-01-31,-4.9,3.6,,3,36.1,10.3,9.26,
105,°­¸ª,2017-02-01,-1.6,5,,3.7,30.6,10.3,14.16,
105,°­¸ª,2017-02-02,-2.3,9.7,,4.5,21.5,10.4,15.32,
105,°­¸ª,2017-02-03,1.1,11,,3.9,30.9,10.4,14.72,
105,°­¸ª,2017-02-04,2.7,12.8,,2.3,31.3,10.4,11.1,
105,°­¸ª,2017-02-05,3.2,10,,2.2,44.9,10.5,6.4,
105,°­¸ª,2017-02-06,-.1,5.4,,2.9,38.4,10.5,13.41,
105,°­¸ª,2017-02-07,-2.1,6.3,,2.6,45.8,10.5,10.03,
105,°­¸ª,2017-02-08,-.7,7.3,,2.7,35.1,10.6,8.13,
105,°­¸ª,2017-02-09,-4.9,2.8,,3.7,35.9,10.6,9.49,
105,°­¸ª,2017-02-10,-6.9,0,,4,34.5,10.6,15.93,
105,°­¸ª,2017-02-11,-6.7,2.8,,3.7,31.3,10.7,15.92,
105,°­¸ª,2017-02-12,-3.2,5.3,,2.8,35,10.7,15.94,
105,°­¸ª,2017-02-13,-1.5,8.2,,2.8,32.5,10.7,15.82,
105,°­¸ª,2017-02-14,-2.3,7.4,,1.9,51.9,10.8,13.26,
105,°­¸ª,2017-02-15,1.2,13.3,,3.4,24.4,10.8,14.91,
105,°­¸ª,2017-02-16,7.3,15.5,,5.9,28.6,10.9,16.61,
105,°­¸ª,2017-02-17,2.3,14.3,,2.7,49.9,10.9,5.67,
105,°­¸ª,2017-02-18,-1.9,6.1,,3.5,26.4,10.9,16.39,
105,°­¸ª,2017-02-19,-.7,9.8,,3.4,36.5,11,8.14,
105,°­¸ª,2017-02-20,-2.1,9.9,,3.3,44.6,11,13.05,
105,°­¸ª,2017-02-21,-3.3,6.4,,2.8,47.3,11.1,17.12,
105,°­¸ª,2017-02-22,-.1,9.1,3.5,1.3,64.1,11.1,5.46,
105,°­¸ª,2017-02-23,.2,6.3,,2.7,47.6,11.1,14,
105,°­¸ª,2017-02-24,-2.6,7.7,,3.6,32.5,11.2,18.79,
105,°­¸ª,2017-02-25,.8,9.7,,3.5,31.1,11.2,18.14,
105,°­¸ª,2017-02-26,.6,7.8,,2.2,47.6,11.2,13.84,
105,°­¸ª,2017-02-27,-1.1,10.3,,2.5,58.3,11.3,16.37,
105,°­¸ª,2017-02-28,1.7,14.1,,2.7,30,11.3,17.26,
105,°­¸ª,2017-03-01,5.3,13.5,3,1.8,50.5,11.4,7.99,
105,°­¸ª,2017-03-02,.4,5.4,16,1.7,83.1,11.4,2.33,
105,°­¸ª,2017-03-03,.3,12.3,,3.6,35.8,11.4,18.34,
105,°­¸ª,2017-03-04,3,11.7,,2,47.4,11.5,14.14,
105,°­¸ª,2017-03-05,.8,12.1,,1.6,61.3,11.5,12.92,
105,°­¸ª,2017-03-06,-.1,7.6,,2.8,41.4,11.6,14.28,
105,°­¸ª,2017-03-07,-2.3,6.1,,3.3,23.6,11.6,20.88,
105,°­¸ª,2017-03-08,-2.9,6.8,,4.1,33.1,11.7,20.55,
105,°­¸ª,2017-03-09,.4,10.5,,4.1,31,11.7,17.51,
105,°­¸ª,2017-03-10,.8,11,,2.5,34.4,11.7,20.88,
105,°­¸ª,2017-03-11,.8,13.9,,2.4,30.3,11.8,19.87,
105,°­¸ª,2017-03-12,8.2,14.6,,2,34.6,11.8,7.63,
105,°­¸ª,2017-03-13,2.6,10.7,,2.5,51,11.8,17.27,
105,°­¸ª,2017-03-14,.6,6.8,7.5,2.3,72.8,11.9,4.51,
105,°­¸ª,2017-03-15,0,9.3,,2.8,58.9,11.9,18.25,
105,°­¸ª,2017-03-16,-1.1,12.4,,2.1,52,12,20.2,
105,°­¸ª,2017-03-17,3.8,13.8,,2.4,35.8,12,21.42,
105,°­¸ª,2017-03-18,7.4,17.2,,2.4,26.9,12,13.22,
105,°­¸ª,2017-03-19,4.6,16.2,,2.1,37.8,12.1,20.71,
105,°­¸ª,2017-03-20,5.4,17.3,,1.7,30.9,12.1,10.7,
105,°­¸ª,2017-03-21,2.3,12.2,12,2.4,66,12.2,6.64,
105,°­¸ª,2017-03-22,3.6,13,,2,47.3,12.2,21.61,
105,°­¸ª,2017-03-23,3,11.8,.5,2,61.4,12.3,7.86,
105,°­¸ª,2017-03-24,2.8,10.9,,1.9,58.8,12.3,10.54,
105,°­¸ª,2017-03-25,2.8,9.5,2,1.6,73.6,12.3,7.55,
105,°­¸ª,2017-03-26,3.3,11.1,1,1.7,73.1,12.4,10.4,
105,°­¸ª,2017-03-27,3.5,11,,2.2,56.8,12.4,9.78,
105,°­¸ª,2017-03-28,4.5,13,,2.1,42.5,12.5,16.12,
105,°­¸ª,2017-03-29,7.2,15.8,,2.3,32.1,12.5,21.43,
105,°­¸ª,2017-03-30,9.5,17.4,,3.3,42.1,12.5,19.45,
105,°­¸ª,2017-03-31,5.1,9.9,6.5,1.6,77.9,12.6,3.36,
105,°­¸ª,2017-04-01,4.2,7.2,8,1.5,81.8,12.6,5.16,
105,°­¸ª,2017-04-02,3.2,14.1,.5,2.1,51.5,12.7,24.24,
105,°­¸ª,2017-04-03,11,22.9,,3.4,24.1,12.7,24.78,
105,°­¸ª,2017-04-04,11.6,23.5,,2.5,28.4,12.7,23.29,
105,°­¸ª,2017-04-05,10.7,18.3,3,2,45.1,12.8,5.07,
105,°­¸ª,2017-04-06,10.4,21,2,2.6,62.1,12.8,17.74,
105,°­¸ª,2017-04-07,10.7,19.9,,2.5,59.5,12.9,23.34,
105,°­¸ª,2017-04-08,10,23.8,,1.5,60.5,12.9,21.89,
105,°­¸ª,2017-04-09,7,15.3,6.5,2,63.9,12.9,10.13,
105,°­¸ª,2017-04-10,4.6,15.1,,2.5,53.5,13,25.77,
105,°­¸ª,2017-04-11,7.3,16.3,1,1.4,69,13,18.04,
105,°­¸ª,2017-04-12,8.3,15.7,,2.5,39.5,13.1,25.16,
105,°­¸ª,2017-04-13,7.8,19.9,,3.1,26.5,13.1,24.96,
105,°­¸ª,2017-04-14,13.9,22.9,2.5,4,32.1,13.1,19.7,
105,°­¸ª,2017-04-15,14.9,26.7,,4.3,35.9,13.2,25.91,
105,°­¸ª,2017-04-16,18.4,28,,2.6,29.9,13.2,14.51,
105,°­¸ª,2017-04-17,10.8,21.8,13.5,2.7,69.1,13.3,2.61,
105,°­¸ª,2017-04-18,9.1,21.1,2.5,2.1,63.4,13.3,16.61,
105,°­¸ª,2017-04-19,10.3,20.7,,3.2,39.4,13.3,26.93,
105,°­¸ª,2017-04-20,12.8,19.7,,2.3,38.3,13.4,14.64,
105,°­¸ª,2017-04-21,10,17.6,,2.8,54.4,13.4,20.51,
105,°­¸ª,2017-04-22,8.3,18.7,.3,1.9,49.3,13.4,27.98,
105,°­¸ª,2017-04-23,10.8,23.8,,3.4,24,13.5,28.07,
105,°­¸ª,2017-04-24,12.9,26.1,,3.6,23.1,13.5,27.37,
105,°­¸ª,2017-04-25,14.2,21.7,,2.7,38.5,13.6,23.13,
105,°­¸ª,2017-04-26,8.8,17.8,,2.5,40.3,13.6,24.53,
105,°­¸ª,2017-04-27,6.9,18.9,,2.8,30.3,13.6,26.33,
105,°­¸ª,2017-04-28,13,24.9,,4.8,29.9,13.7,23.79,
105,°­¸ª,2017-04-29,10.3,26.1,0,3.1,31,13.7,27.52,
105,°­¸ª,2017-04-30,16.2,30.4,,5.2,35,13.7,17.6,
105,°­¸ª,2017-05-01,10.9,20.7,,2.6,48.3,13.8,28.79,
105,°­¸ª,2017-05-02,8.7,21.8,,1.5,58.9,13.8,24.63,
105,°­¸ª,2017-05-03,10.7,26.5,,1.7,49,13.8,26.11,
105,°­¸ª,2017-05-04,15.5,25.9,,1.7,42.3,13.9,21.93,
105,°­¸ª,2017-05-05,17.4,28.1,,2.9,36.1,13.9,26.41,
105,°­¸ª,2017-05-06,14,23.2,,4.3,19.1,13.9,27.11,
105,°­¸ª,2017-05-07,14.4,25.4,,4.4,19,14,28.45,
105,°­¸ª,2017-05-08,17,29.5,,4.7,26,14,23.46,
105,°­¸ª,2017-05-09,13.7,17.3,1.5,1.5,76.9,14,8.46,
105,°­¸ª,2017-05-10,12.8,17.3,1,1.4,76.9,14.1,9.05,
105,°­¸ª,2017-05-11,17.4,27.5,,3.5,41.5,14.1,23.79,
105,°­¸ª,2017-05-12,18.5,27.1,,2.8,45.3,14.1,9.89,
105,°­¸ª,2017-05-13,14,20.2,8.5,2.2,67.3,14.1,10.82,
105,°­¸ª,2017-05-14,14.9,23.2,,4.2,32.5,14.2,29.87,
105,°­¸ª,2017-05-15,14.7,21.9,,3.6,46.4,14.2,26.96,
105,°­¸ª,2017-05-16,13.5,19.7,,1.7,63.4,14.2,22.3,
105,°­¸ª,2017-05-17,12.6,23.7,,1.7,51.4,14.3,29.93,
105,°­¸ª,2017-05-18,18.5,30.1,,3.2,33.3,14.3,28.12,
105,°­¸ª,2017-05-19,22.1,33.2,,5.3,21,14.3,29.56,
105,°­¸ª,2017-05-20,22.3,32.6,,2.8,28.9,14.3,26.83,
105,°­¸ª,2017-05-21,17.7,31.6,,2.3,40,14.4,28.42,
105,°­¸ª,2017-05-22,15.6,22.6,,2.1,71.6,14.4,21.86,
105,°­¸ª,2017-05-23,13.6,25.1,,1.7,64.3,14.4,17.95,
105,°­¸ª,2017-05-24,16,23.5,13.5,1.5,75.9,14.5,21.82,
105,°­¸ª,2017-05-25,12.9,28.3,,3.8,45.4,14.5,25.53,
105,°­¸ª,2017-05-26,10.6,17.2,.5,2.2,63,14.5,14.02,
105,°­¸ª,2017-05-27,11.3,22,,1.7,55.5,14.5,29.81,
105,°­¸ª,2017-05-28,14.3,30.5,,3.1,36.5,14.5,24.53,
105,°­¸ª,2017-05-29,19.9,28.8,,2.2,47.1,14.5,26.92,
105,°­¸ª,2017-05-30,20.1,30.5,,3.3,32.8,14.6,10.7,
105,°­¸ª,2017-05-31,21.6,29.2,,2.1,36.8,14.6,19.82,
105,°­¸ª,2017-06-01,14,24,11,2,71.1,14.6,9.5,
105,°­¸ª,2017-06-02,11.4,21,.2,2.4,55.5,14.6,30.52,
105,°­¸ª,2017-06-03,14.6,21.3,,2.1,55.6,14.6,30.51,
105,°­¸ª,2017-06-04,13,23.8,2,2.2,48.8,14.7,30.96,
105,°­¸ª,2017-06-05,13.1,21.6,,2.2,62.9,14.7,30.76,
105,°­¸ª,2017-06-06,13.3,21.8,4,1.2,71,14.7,11.49,
105,°­¸ª,2017-06-07,14.6,18.1,1,1.1,82.9,14.7,5.26,
105,°­¸ª,2017-06-08,17.9,30.1,,3.3,37.9,14.7,31.22,
105,°­¸ª,2017-06-09,21.9,29.1,,4.6,36,14.7,17.99,
105,°­¸ª,2017-06-10,14.4,23.7,0,2.5,34.8,14.7,28.45,
105,°­¸ª,2017-06-11,11.4,21.8,,1.7,59.6,14.7,28.61,
105,°­¸ª,2017-06-12,13.5,21,,2.3,67,14.8,23.18,
105,°­¸ª,2017-06-13,12.2,25.2,1,2,63.9,14.8,22.11,
105,°­¸ª,2017-06-14,16.3,28.6,,2.8,43.8,14.8,30.32,
105,°­¸ª,2017-06-15,19.2,28.2,,2.5,53.6,14.8,27.46,
105,°­¸ª,2017-06-16,16.9,24.4,,2.2,69.1,14.8,27.34,
105,°­¸ª,2017-06-17,16.4,26.5,,1.4,66.9,14.8,28.08,
105,°­¸ª,2017-06-18,17.1,29.4,,1.2,63.6,14.8,25.37,
105,°­¸ª,2017-06-19,20.1,29.6,,1.3,65.3,14.8,24.66,
105,°­¸ª,2017-06-20,19.6,28.2,,1.3,62.4,14.8,24.08,
105,°­¸ª,2017-06-21,20.1,26,0,1.6,67.1,14.8,17.12,
105,°­¸ª,2017-06-22,19.2,30.6,,1.7,46.4,14.8,28.39,
105,°­¸ª,2017-06-23,20.5,26.5,,1.6,68.8,14.8,26.88,
105,°­¸ª,2017-06-24,19.5,25.1,5,1.2,77.3,14.8,12.09,
105,°­¸ª,2017-06-25,18.6,25.8,,1.5,72.6,14.8,14.85,
105,°­¸ª,2017-06-26,19.7,24.2,3,1.6,75.6,14.8,11.33,
105,°­¸ª,2017-06-27,18.7,28.3,,1.4,71.4,14.8,21.8,
105,°­¸ª,2017-06-28,20.4,26.2,,1.4,74.9,14.8,21.44,
105,°­¸ª,2017-06-29,20.6,28.9,,1.2,71.5,14.8,18.92,
105,°­¸ª,2017-06-30,23.4,33,,2.7,44.5,14.7,24.05,
105,°­¸ª,2017-07-01,26,31.2,2,4.2,46.9,14.7,15.39,
105,°­¸ª,2017-07-02,23.1,27,95.5,1.6,84.9,14.7,4.15,
105,°­¸ª,2017-07-03,22.2,29.2,29.5,1.8,81.8,14.7,9.28,
105,°­¸ª,2017-07-04,21.9,24.8,6,1.3,82.4,14.7,7.66,
105,°­¸ª,2017-07-05,20.3,29,,1.3,66.9,14.7,27.29,
105,°­¸ª,2017-07-06,20.7,30.4,,1.3,68.5,14.7,27.41,
105,°­¸ª,2017-07-07,20.7,26.9,.5,1,79.6,14.7,15.55,
105,°­¸ª,2017-07-08,23.9,31.3,23.5,1.5,75,14.7,9.18,
105,°­¸ª,2017-07-09,26.3,34.3,.2,2.3,58.9,14.7,23.36,
105,°­¸ª,2017-07-10,25.2,29,5.5,1.3,76.5,14.6,3.3,
105,°­¸ª,2017-07-11,22.7,33.2,14.5,2.7,56.5,14.6,28.63,
105,°­¸ª,2017-07-12,27.6,35.3,,3.3,44.1,14.6,28.65,
105,°­¸ª,2017-07-13,27.3,37.1,,3.5,41,14.6,29.03,
105,°­¸ª,2017-07-14,27.8,34.7,,3.1,47.1,14.6,26.88,
105,°­¸ª,2017-07-15,26.6,31.9,2,2.5,59.1,14.5,12.03,
105,°­¸ª,2017-07-16,23.9,31.8,10,3.4,58.3,14.5,18.37,
105,°­¸ª,2017-07-17,28.5,33.7,,3.4,50.8,14.5,25.05,
105,°­¸ª,2017-07-18,26.7,33.1,,2.8,53.3,14.5,26.35,
105,°­¸ª,2017-07-19,26.5,34.5,,2.2,55.9,14.5,27.44,
105,°­¸ª,2017-07-20,26.4,34.5,,2.3,55.8,14.4,27.41,
105,°­¸ª,2017-07-21,27.3,34.7,.4,2.6,55.3,14.4,16.24,
105,°­¸ª,2017-07-22,22.2,27.3,21,1.3,83.8,14.4,4.1,
105,°­¸ª,2017-07-23,22.1,24.1,11.5,.8,87.6,14.4,2.62,
105,°­¸ª,2017-07-24,22.7,27,4,.7,85.4,14.3,6.19,
105,°­¸ª,2017-07-25,23,27.2,1,1.6,84.1,14.3,11.76,
105,°­¸ª,2017-07-26,21.3,27.9,,2,68,14.3,27.59,
105,°­¸ª,2017-07-27,20,27.6,0,1.3,71,14.2,14.3,
105,°­¸ª,2017-07-28,22.4,25.1,4,.9,84.3,14.2,5.85,
105,°­¸ª,2017-07-29,21.9,25.7,5,.9,82.5,14.2,5.97,
105,°­¸ª,2017-07-30,22,30.2,,1.3,73.3,14.2,21.22,
105,°­¸ª,2017-07-31,22.3,23.7,2,1.2,85.4,14.1,3.18,
105,°­¸ª,2017-08-01,22.1,26.1,.1,1,80,14.1,8.97,
105,°­¸ª,2017-08-02,22.4,28.3,.5,1.3,79,14.1,15.02,
105,°­¸ª,2017-08-03,20.7,28.9,,2.3,71.3,14,22.88,
105,°­¸ª,2017-08-04,21.9,32,,1.6,73,14,26.85,
105,°­¸ª,2017-08-05,25.4,30.8,,1.2,77.3,14,18.95,
105,°­¸ª,2017-08-06,24.3,31.2,3.5,1.4,76.9,13.9,18.39,
105,°­¸ª,2017-08-07,24.7,30,5.5,1.4,76.9,13.9,18.34,
105,°­¸ª,2017-08-08,24.4,31.9,,1.9,62,13.9,20.79,
105,°­¸ª,2017-08-09,23.3,27.3,21.5,1.3,83.5,13.8,5.05,
105,°­¸ª,2017-08-10,22.4,25,48,1,89.6,13.8,4.77,
105,°­¸ª,2017-08-11,21.8,26.6,83.5,1.5,85.5,13.8,11.13,
105,°­¸ª,2017-08-12,21.1,26.7,,1.6,73.4,13.7,17.79,
105,°­¸ª,2017-08-13,21.2,25.8,.5,1.5,75.8,13.7,11.2,
105,°­¸ª,2017-08-14,21.2,23,29,1,88.9,13.7,3.9,
105,°­¸ª,2017-08-15,21,23.8,92.5,1.3,90.4,13.6,2.79,
105,°­¸ª,2017-08-16,20.2,21.7,57,1.6,91.6,13.6,5.31,
105,°­¸ª,2017-08-17,20.2,22.9,11.5,.6,91.5,13.6,5.34,
105,°­¸ª,2017-08-18,20.9,26.1,15.5,.9,83.9,13.5,12.26,
105,°­¸ª,2017-08-19,21.3,23.8,9.5,.9,89,13.5,5.07,
105,°­¸ª,2017-08-20,21,23.9,19.5,.9,88.9,13.5,5.13,
105,°­¸ª,2017-08-21,21.8,30.3,3,1.1,81.5,13.4,12.43,
105,°­¸ª,2017-08-22,22.9,32.9,1,2,64.9,13.4,18.7,
105,°­¸ª,2017-08-23,26.6,31.1,4,2.2,68.6,13.3,8.27,
105,°­¸ª,2017-08-24,25.2,31.8,29.5,2.7,65.8,13.3,4.56,
105,°­¸ª,2017-08-25,22.2,30.7,,2.1,51.5,13.3,25.16,
105,°­¸ª,2017-08-26,19,29.7,,2.2,42,13.2,26.98,
105,°­¸ª,2017-08-27,18.7,26.6,,2.1,56.4,13.2,17.15,
105,°­¸ª,2017-08-28,19.9,27.9,9,1.8,61.3,13.2,11.23,
105,°­¸ª,2017-08-29,17.4,23.8,0,2.4,66.6,13.1,22.12,
105,°­¸ª,2017-08-30,17.5,24.3,,2.2,58.5,13.1,11.12,
105,°­¸ª,2017-08-31,17.3,24.9,,2.7,61.3,13.1,20.8,
105,°­¸ª,2017-09-01,15.8,25,,2.3,64,13,24.2,
105,°­¸ª,2017-09-02,15.2,25.1,,2.6,62.8,13,25.27,
105,°­¸ª,2017-09-03,14.7,27.6,,2.3,58.1,12.9,24.74,
105,°­¸ª,2017-09-04,17.5,28,,2,60.6,12.9,22.53,
105,°­¸ª,2017-09-05,17.9,23.9,,1.4,61.5,12.8,6.6,
105,°­¸ª,2017-09-06,20.5,26.1,.3,2.5,60.6,12.8,7.33,
105,°­¸ª,2017-09-07,20.2,28.2,,2.2,60.6,12.8,22.22,
105,°­¸ª,2017-09-08,20.3,30.5,,2.6,56,12.7,23.29,
105,°­¸ª,2017-09-09,20.8,30.3,,2.3,57.4,12.7,21.26,
105,°­¸ª,2017-09-10,20.1,26.4,,1.9,73.4,12.7,11.72,
105,°­¸ª,2017-09-11,17.5,22.2,14,1.7,84.4,12.6,2.93,
105,°­¸ª,2017-09-12,17.9,27.1,,2.2,67.1,12.6,22.74,
105,°­¸ª,2017-09-13,16.8,24.7,,2.8,57.9,12.5,20.17,
105,°­¸ª,2017-09-14,15.9,24.4,,2.4,64.3,12.5,20.19,
105,°­¸ª,2017-09-15,16.4,24.2,.1,2.3,64.3,12.5,20.04,
105,°­¸ª,2017-09-16,15.2,23.4,.2,1.8,67.9,12.4,10.55,
105,°­¸ª,2017-09-17,17.6,21.1,6,1.8,85.3,12.4,5.21,
105,°­¸ª,2017-09-18,15,27.5,,2.6,56.9,12.3,21.06,
105,°­¸ª,2017-09-19,19,28.8,13.5,3.8,60,12.3,17.17,
105,°­¸ª,2017-09-20,16.9,25.6,,2.4,45.1,12.3,22.78,
105,°­¸ª,2017-09-21,15.1,26,,2.8,59.8,12.2,22.03,
105,°­¸ª,2017-09-22,15.7,26.3,,2.7,57.9,12.2,20.12,
105,°­¸ª,2017-09-23,17.2,26.2,,2.3,55.1,12.1,18.53,
105,°­¸ª,2017-09-24,17.6,27.5,,1.9,56.8,12.1,19.96,
105,°­¸ª,2017-09-25,19.2,25.4,,2.5,64.1,12,19.51,
105,°­¸ª,2017-09-26,17.8,26.5,0,1.5,72.3,12,18.81,
105,°­¸ª,2017-09-27,18.1,22.9,7.6,1.6,76.9,12,3.86,
105,°­¸ª,2017-09-28,16.6,26,4,2.3,53.9,11.9,19.94,
105,°­¸ª,2017-09-29,12.4,23.1,,3.3,29.3,11.9,20.78,
105,°­¸ª,2017-09-30,15.3,26.7,,3.6,40.5,11.9,19.61,
105,°­¸ª,2017-10-01,16.5,23.7,1,2.6,43.1,11.8,4.78,
105,°­¸ª,2017-10-02,16.3,19.2,9.5,1.2,87,11.8,2.94,
105,°­¸ª,2017-10-03,13.3,18,19,1.3,86.6,11.7,2.53,
105,°­¸ª,2017-10-04,13,18.6,.2,1.7,71.9,11.7,10.22,
105,°­¸ª,2017-10-05,11.8,20.8,,2.3,67.6,11.7,15.13,
105,°­¸ª,2017-10-06,14.2,16.7,17,1,87.5,11.6,2.41,
105,°­¸ª,2017-10-07,15.9,19.9,4.5,1.1,89.8,11.6,5.39,
105,°­¸ª,2017-10-08,15.4,23.5,,.9,79.4,11.5,10.67,
105,°­¸ª,2017-10-09,17.3,24.7,,1.2,75.9,11.5,11.92,
105,°­¸ª,2017-10-10,15.8,22.3,10.5,1.3,82.1,11.5,3.86,
105,°­¸ª,2017-10-11,13.9,16.8,24,1.3,83.1,11.4,4.89,
105,°­¸ª,2017-10-12,10.7,15.4,1,1.3,75.9,11.4,3.75,
105,°­¸ª,2017-10-13,8.5,15.7,.1,3,71.4,11.3,7.69,
105,°­¸ª,2017-10-14,8.5,18,,2.9,48.8,11.3,18.17,
105,°­¸ª,2017-10-15,9.9,18.8,,2.1,61.3,11.2,13.49,
105,°­¸ª,2017-10-16,12.6,19.4,,2.2,64.3,11.2,12.16,
105,°­¸ª,2017-10-17,11,19.4,,1.8,68.1,11.2,12.94,
105,°­¸ª,2017-10-18,12.3,15.7,2,1.5,74.9,11.1,2.46,
105,°­¸ª,2017-10-19,12,17.7,.5,1.5,73.6,11.1,8.97,
105,°­¸ª,2017-10-20,11.1,20.1,,2,69.8,11.1,16.35,
105,°­¸ª,2017-10-21,10.7,21.2,,1.9,66.4,11,16.39,
105,°­¸ª,2017-10-22,10.4,18.6,.2,2.7,66.3,11,3.94,
105,°­¸ª,2017-10-23,8.1,15.5,,3.3,54.4,11,10.79,
105,°­¸ª,2017-10-24,7.1,17.9,,2.8,57,10.9,15.75,
105,°­¸ª,2017-10-25,9.1,21.1,,2.3,50.3,10.9,15.8,
105,°­¸ª,2017-10-26,12,19.6,,2,55.1,10.8,10.05,
105,°­¸ª,2017-10-27,13.1,20.4,,1.6,62,10.8,12.06,
105,°­¸ª,2017-10-28,12.9,20.2,,1.5,74.1,10.8,10.14,
105,°­¸ª,2017-10-29,8.5,21.1,25,2.7,66,10.7,10.71,
105,°­¸ª,2017-10-30,5.7,14.6,0,2.2,41,10.7,15.21,
105,°­¸ª,2017-10-31,6.8,20.2,,3.1,27.1,10.7,15.83,
105,°­¸ª,2017-11-01,13.5,17.7,,3.4,46.3,10.6,2.99,
105,°­¸ª,2017-11-02,14.3,21.3,,1.7,54.3,10.6,8.37,
105,°­¸ª,2017-11-03,6.3,18.3,4,2.8,67.4,10.5,5.16,
105,°­¸ª,2017-11-04,4.8,13.4,33,2.3,61,10.5,8.57,
105,°­¸ª,2017-11-05,6.9,17.4,,2.7,28.8,10.5,14.61,
105,°­¸ª,2017-11-06,10.2,20.7,,3.6,32.5,10.4,13.82,
105,°­¸ª,2017-11-07,12.8,21.2,,3.6,43.1,10.4,11.51,
105,°­¸ª,2017-11-08,10.5,21.1,,3.2,34.5,10.4,12.5,
105,°­¸ª,2017-11-09,7.3,16.7,,2.3,51.5,10.3,12.17,
105,°­¸ª,2017-11-10,9.5,20.4,.3,3.8,34,10.3,11.36,
105,°­¸ª,2017-11-11,5.1,12.4,,3,37.9,10.3,13.69,
105,°­¸ª,2017-11-12,4.4,15.1,,2.5,29.9,10.3,12.9,
105,°­¸ª,2017-11-13,8.5,16.7,,3.1,35.5,10.2,7.21,
105,°­¸ª,2017-11-14,5.7,14.3,,3.4,30.1,10.2,12.81,
105,°­¸ª,2017-11-15,1.8,8.8,,3.1,25.4,10.2,11.95,
105,°­¸ª,2017-11-16,.1,9,,2.5,23.5,10.1,13.18,
105,°­¸ª,2017-11-17,2.6,12.2,,2.7,27.4,10.1,4.62,
105,°­¸ª,2017-11-18,-1.1,8.7,,3,36.9,10.1,9.6,
105,°­¸ª,2017-11-19,-2.7,6.4,,3.4,18.1,10,13.23,
105,°­¸ª,2017-11-20,-.2,8.9,,3.5,32.9,10,13.29,
105,°­¸ª,2017-11-21,.2,11.3,,2.7,26.5,10,12.79,
105,°­¸ª,2017-11-22,4.6,10.5,,3.6,41.8,10,4.91,
105,°­¸ª,2017-11-23,-.2,6,,3.3,26.3,9.9,11.9,
105,°­¸ª,2017-11-24,-1.1,5.7,,3.2,35.6,9.9,12.06,
105,°­¸ª,2017-11-25,-1.5,10.7,4,2.6,51.4,9.9,9.5,
105,°­¸ª,2017-11-26,1.8,8.9,.2,2.1,61.4,9.9,6.68,
105,°­¸ª,2017-11-27,1.2,13.6,,2.4,52.6,9.8,10.89,
105,°­¸ª,2017-11-28,4.6,16.3,,3.6,41,9.8,9.21,
105,°­¸ª,2017-11-29,7.7,15.5,,2.7,34.1,9.8,10.31,
105,°­¸ª,2017-11-30,-1,8,,3.3,16.4,9.8,10.68,
105,°­¸ª,2017-12-01,-3.4,5.1,,3,23,9.8,11.9,
105,°­¸ª,2017-12-02,-.6,9.4,,2.9,31.8,9.7,11.5,
105,°­¸ª,2017-12-03,3.7,11,,3.5,49,9.7,8.39,
105,°­¸ª,2017-12-04,-2.7,7.1,,3.8,34.6,9.7,10.61,
105,°­¸ª,2017-12-05,-5.9,2.2,,4,22,9.7,11.88,
105,°­¸ª,2017-12-06,-3.2,7.2,0,2.9,42.4,9.7,10.76,
105,°­¸ª,2017-12-07,-.2,8.8,,2.2,40.1,9.7,9.88,
105,°­¸ª,2017-12-08,-3.5,4.6,,3.7,30.4,9.6,10.6,
105,°­¸ª,2017-12-09,-1.9,6.8,,3.2,31.3,9.6,11.05,
105,°­¸ª,2017-12-10,.9,8.8,0,3,43.9,9.6,5.41,
105,°­¸ª,2017-12-11,-8.1,.9,,4.8,21.1,9.6,11.28,
105,°­¸ª,2017-12-12,-8.8,-1.1,,4.8,21.4,9.6,11.55,
105,°­¸ª,2017-12-13,-7,2.8,,3,19.9,9.6,11.07,
105,°­¸ª,2017-12-14,-5.2,5.3,,3.3,36.9,9.6,7.91,
105,°­¸ª,2017-12-15,-1.4,5.6,,3.3,27.4,9.6,5,
105,°­¸ª,2017-12-16,-6.2,2.3,,3.9,27.8,9.6,10.36,
105,°­¸ª,2017-12-17,-7.7,.4,,4.1,23.6,9.6,11.16,
105,°­¸ª,2017-12-18,-3.9,7.3,,3.2,43.5,9.6,9.52,
105,°­¸ª,2017-12-19,-3.6,3.7,,3.3,24.4,9.6,10.56,
105,°­¸ª,2017-12-20,-4.2,5.9,,3,34.6,9.6,9.39,
105,°­¸ª,2017-12-21,.5,7.8,,3.6,34.4,9.6,10.65,
105,°­¸ª,2017-12-22,1.9,9.7,,3.9,43.1,9.6,10.02,
105,°­¸ª,2017-12-23,5.8,12.4,,3.2,38.8,9.6,9.18,
105,°­¸ª,2017-12-24,1,9.2,5.5,1.9,65.1,9.6,1.25,
105,°­¸ª,2017-12-25,-1.7,3.2,,4.4,38.8,9.6,10.91,
105,°­¸ª,2017-12-26,-5.6,3.5,,3.6,26.8,9.6,10.93,
105,°­¸ª,2017-12-27,-7.1,1.8,,4.4,19.4,9.6,11.47,
105,°­¸ª,2017-12-28,-3.1,5.9,,2.3,37.6,9.6,10.25,
105,°­¸ª,2017-12-29,.1,10,,2.5,46.4,9.6,9.1,
105,°­¸ª,2017-12-30,1.3,10.2,,2.8,53.4,9.6,7.2,
105,°­¸ª,2017-12-31,-.3,6.6,,3.5,32,9.6,10.71,
105,°­¸ª,2018-01-01,-2.1,5.7,,3.7,19.8,9.6,11.29,
105,°­¸ª,2018-01-02,-.6,6.9,,2.8,22.4,9.6,9.85,
105,°­¸ª,2018-01-03,-3.8,4.8,,2.8,26.1,9.6,11.09,
105,°­¸ª,2018-01-04,-4.5,4.4,,2.6,44.6,9.7,8.35,
105,°­¸ª,2018-01-05,-.9,7.6,,3.2,35.6,9.7,9.62,
105,°­¸ª,2018-01-06,-1.6,6.9,,3,29.5,9.7,11.32,
105,°­¸ª,2018-01-07,-1.6,9.1,,2.3,26.6,9.7,7.8,
105,°­¸ª,2018-01-08,2.4,9.2,,3.4,43,9.7,4.82,
105,°­¸ª,2018-01-09,-3.6,2.6,,5,32.6,9.7,10.88,
105,°­¸ª,2018-01-10,-8.5,-1.4,,3.4,28,9.7,11.88,
105,°­¸ª,2018-01-11,-10.1,-3.5,,4.5,29,9.8,11.98,
105,°­¸ª,2018-01-12,-11.5,-.8,,4.2,24,9.8,12.36,
105,°­¸ª,2018-01-13,-5.6,5.1,,2.5,35.8,9.8,11.31,
105,°­¸ª,2018-01-14,-3,9.2,,3.3,35.6,9.8,11.74,
105,°­¸ª,2018-01-15,6.7,12.5,,3.7,36.1,9.8,9.27,
105,°­¸ª,2018-01-16,5.5,12.2,,2.6,38.4,9.9,6.96,
105,°­¸ª,2018-01-17,3.6,7.3,1,1.9,66.5,9.9,2.31,
105,°­¸ª,2018-01-18,4.2,9.2,,2.9,31.3,9.9,5.69,
105,°­¸ª,2018-01-19,1.5,10,,2.2,24,9.9,12.02,
105,°­¸ª,2018-01-20,.7,7.3,,3.1,40.4,10,7.94,
105,°­¸ª,2018-01-21,-.4,7.6,,2.3,32.6,10,11.15,
105,°­¸ª,2018-01-22,-.9,6,1.5,1.7,55.8,10,6.5,
105,°­¸ª,2018-01-23,-11.9,-.5,,4.8,30.8,10.1,13.93,
105,°­¸ª,2018-01-24,-14.2,-6.4,,4.3,20.1,10.1,14.08,
105,°­¸ª,2018-01-25,-12.6,-1.5,,3.8,22,10.1,13.67,
105,°­¸ª,2018-01-26,-13.8,-3.5,,3.4,23.1,10.1,14.18,
105,°­¸ª,2018-01-27,-9.9,2.5,,2.8,26.5,10.2,13.77,
105,°­¸ª,2018-01-28,-5.4,2.4,,4,19.6,10.2,10.59,
105,°­¸ª,2018-01-29,-9,-.9,,3.8,20.6,10.2,14.01,
105,°­¸ª,2018-01-30,-8.3,3.3,,4.1,31.8,10.2,14.04,
105,°­¸ª,2018-01-31,-.7,3.4,,2.8,32,10.3,7.35,
105,°­¸ª,2018-02-01,-4.5,3.6,,2.4,39,10.3,14.38,
105,°­¸ª,2018-02-02,-4.5,4.8,,3.5,52.3,10.4,7.56,
105,°­¸ª,2018-02-03,-7.7,.5,0,4.1,33.8,10.4,12.83,
105,°­¸ª,2018-02-04,-8.7,-1.9,,4.8,26.8,10.4,11.69,
105,°­¸ª,2018-02-05,-10,-2.5,,3.8,22.9,10.4,15.57,
105,°­¸ª,2018-02-06,-10.7,-2.6,,3.7,25.8,10.5,15.37,
105,°­¸ª,2018-02-07,-10.2,1.7,,3.4,22,10.5,15.12,
105,°­¸ª,2018-02-08,-5.3,5.5,,3.4,20.5,10.5,14.1,
105,°­¸ª,2018-02-09,-2.9,9.4,,2.2,33.9,10.6,11.44,
105,°­¸ª,2018-02-10,-3.7,8,,4.5,30.9,10.6,11.4,
105,°­¸ª,2018-02-11,-6.9,-.8,,4.3,22.8,10.7,15.62,
105,°­¸ª,2018-02-12,-8.3,.6,,3.9,24,10.7,16.16,
105,°­¸ª,2018-02-13,-5.6,4.3,,4,34.5,10.7,15.63,
105,°­¸ª,2018-02-14,3.2,11.2,,5.2,35.1,10.8,11.63,
105,°­¸ª,2018-02-15,-3.9,5.4,,1.5,48.5,10.8,15.02,
105,°­¸ª,2018-02-16,-5.7,9.8,,2.7,27.1,10.8,15.46,
105,°­¸ª,2018-02-17,-2.6,3.4,,2.8,21.3,10.9,17.23,
105,°­¸ª,2018-02-18,-1.8,4.9,,2,23.6,10.9,14,
105,°­¸ª,2018-02-19,.5,8.9,,2.1,31.1,11,12.84,
105,°­¸ª,2018-02-20,.6,9.6,,2.4,27.9,11,14.15,
105,°­¸ª,2018-02-21,-3.1,4.2,,2.1,28.1,11,16.33,
105,°­¸ª,2018-02-22,-3.4,8,,3,31.9,11.1,16.48,
105,°­¸ª,2018-02-23,.4,10.2,,2.8,39.1,11.1,15.92,
105,°­¸ª,2018-02-24,.5,8.4,,2.1,69.9,11.2,8.33,
105,°­¸ª,2018-02-25,0,6.9,,1.8,69.9,11.2,13.17,
105,°­¸ª,2018-02-26,-1.5,7,,2,61.4,11.2,15.93,
105,°­¸ª,2018-02-27,-2.4,9.8,,1.4,66.3,11.3,12.64,
105,°­¸ª,2018-02-28,.7,6.5,52,1.8,84.4,11.3,.58,
105,°­¸ª,2018-03-01,-1.3,7.5,2,3.9,48,11.4,18.56,
105,°­¸ª,2018-03-02,-3,9.7,,3.5,25.3,11.4,19.4,
105,°­¸ª,2018-03-03,5.8,18.7,,3,24.8,11.4,17.2,
105,°­¸ª,2018-03-04,5.6,17.3,14,3.6,64.9,11.5,8.99,
105,°­¸ª,2018-03-05,-.7,5.6,36,2.5,81.9,11.5,2.93,
105,°­¸ª,2018-03-06,-2,7.7,,2,68.5,11.6,14.38,
105,°­¸ª,2018-03-07,.3,8.9,2.5,2.3,71.3,11.6,10.74,
105,°­¸ª,2018-03-08,.4,3.6,16,1.9,87.8,11.6,4.51,
105,°­¸ª,2018-03-09,-.4,3,1.5,1.5,80.6,11.7,3.12,
105,°­¸ª,2018-03-10,-2.3,12.5,,2.3,50.4,11.7,19.37,
105,°­¸ª,2018-03-11,1.3,10.2,,2.6,54,11.7,19.69,
105,°­¸ª,2018-03-12,0,18.5,,2,45.5,11.8,16.67,
105,°­¸ª,2018-03-13,11.8,21.2,,4.9,31.5,11.8,20.2,
105,°­¸ª,2018-03-14,14.6,24,,3.1,39.9,11.9,20.01,
105,°­¸ª,2018-03-15,3.2,21.4,6,3.3,65.4,11.9,9.33,
105,°­¸ª,2018-03-16,-.9,3.3,1.5,2.1,57.1,12,4.06,
105,°­¸ª,2018-03-17,-2.8,11.6,,1.8,50,12,18.87,
105,°­¸ª,2018-03-18,8.4,11.6,,1.1,48.1,12,4.09,
105,°­¸ª,2018-03-19,4.6,10.7,12,1.6,70.9,12.1,3.47,
105,°­¸ª,2018-03-20,1.4,5.1,,2.3,50.1,12.1,7.16,
105,°­¸ª,2018-03-21,.9,2.4,2.5,2.4,72.4,12.2,3.65,
105,°­¸ª,2018-03-22,-.8,10.2,,1.7,53.4,12.2,23.49,
105,°­¸ª,2018-03-23,.1,14.6,,2,46.1,12.3,21.28,
105,°­¸ª,2018-03-24,8.3,19.1,,3.8,29.8,12.3,21.85,
105,°­¸ª,2018-03-25,11.3,22.8,,4.2,21.5,12.3,23.25,
105,°­¸ª,2018-03-26,15,24.9,,3.8,25.9,12.4,22.21,
105,°­¸ª,2018-03-27,14.1,24.1,,4.1,33.4,12.4,22.39,
105,°­¸ª,2018-03-28,16.3,23.6,,4.4,30.5,12.4,16.73,
105,°­¸ª,2018-03-29,7.9,18.6,,2.6,48.6,12.5,17.52,
105,°­¸ª,2018-03-30,4.9,15.3,,2.1,57.5,12.5,22.29,
105,°­¸ª,2018-03-31,6.3,25.8,,2.8,42.8,12.6,21.79,
105,°­¸ª,2018-04-01,16.9,22.7,,3.4,41.8,12.6,9.41,
105,°­¸ª,2018-04-02,16.6,25.9,,4,37.8,12.7,22.18,
105,°­¸ª,2018-04-03,9.9,26.5,.3,3.5,54.1,12.7,18.76,
105,°­¸ª,2018-04-04,5,10,27,1.5,82.6,12.7,2.38,
105,°­¸ª,2018-04-05,5.4,7.5,6.5,1.4,78.3,12.8,2.94,
105,°­¸ª,2018-04-06,4.6,14.1,8,3,59.5,12.8,17.09,
105,°­¸ª,2018-04-07,1.5,9.4,0,3.8,39.1,12.9,17.62,
105,°­¸ª,2018-04-08,2.4,10.5,1.5,3.2,47,12.9,16.37,
105,°­¸ª,2018-04-09,3.9,14.7,,1.8,45.1,12.9,24.66,
105,°­¸ª,2018-04-10,7.2,24.6,,3.7,31.9,13,14.5,
105,°­¸ª,2018-04-11,13.7,21.7,.5,4.6,28.4,13,26.17,
105,°­¸ª,2018-04-12,9.3,22.7,,3,27.5,13,26.19,
105,°­¸ª,2018-04-13,6.9,15.4,,2.5,52,13.1,18.52,
105,°­¸ª,2018-04-14,6.7,10.4,26.5,1.5,85.8,13.1,3.09,
105,°­¸ª,2018-04-15,5.6,16.5,.1,1.8,56.1,13.2,20.26,
105,°­¸ª,2018-04-16,6.1,15.8,,2.2,55.6,13.2,26.81,
105,°­¸ª,2018-04-17,6.2,19.5,,1.8,48.3,13.3,18.91,
105,°­¸ª,2018-04-18,13.6,23.6,,3.1,24.6,13.3,26.48,
105,°­¸ª,2018-04-19,16.9,27.2,,4.3,17.8,13.3,24.44,
105,°­¸ª,2018-04-20,15.3,26.7,,2.2,38.1,13.4,25.26,
105,°­¸ª,2018-04-21,21.7,32.3,,2.9,19.6,13.4,27.04,
105,°­¸ª,2018-04-22,9.1,23,4.5,3.3,60.5,13.4,18.62,
105,°­¸ª,2018-04-23,7.1,9.6,52.5,1.4,92.8,13.5,1.83,
105,°­¸ª,2018-04-24,5.2,10,24,2,86.5,13.5,3.73,
105,°­¸ª,2018-04-25,3.4,19.7,,1.5,49,13.5,26.97,
105,°­¸ª,2018-04-26,7.6,26.5,,2.3,35.9,13.6,23.78,
105,°­¸ª,2018-04-27,8.2,18.9,,3,45.8,13.6,25.42,
105,°­¸ª,2018-04-28,7.4,28.4,,3.3,31.8,13.7,27.41,
105,°­¸ª,2018-04-29,18.1,28.6,,3.9,21.3,13.7,25.97,
105,°­¸ª,2018-04-30,14.1,29.2,,3.4,38.9,13.7,24.73,
105,°­¸ª,2018-05-01,12,18.6,,1.2,77.8,13.8,18.81,
105,°­¸ª,2018-05-02,7.2,14.5,17.5,2.2,85.1,13.8,4.42,
105,°­¸ª,2018-05-03,5.2,14.8,.5,2.5,62.6,13.8,6.91,
105,°­¸ª,2018-05-04,9.7,23.2,,4.8,34.3,13.9,28.74,
105,°­¸ª,2018-05-05,16.2,25.9,,5.2,31.1,13.9,23.49,
105,°­¸ª,2018-05-06,13.1,21.3,10.5,2.1,81.4,13.9,4.57,
105,°­¸ª,2018-05-07,12.7,18.7,1,1.2,85.9,14,13.79,
105,°­¸ª,2018-05-08,9.6,13.6,6.5,2.2,91.4,14,3.01,
105,°­¸ª,2018-05-09,8.4,11.3,,1.8,79,14,5.94,
105,°­¸ª,2018-05-10,5.2,24.1,,1.8,53.6,14.1,27.95,
105,°­¸ª,2018-05-11,17.6,27.2,,2.5,33.6,14.1,26.06,
105,°­¸ª,2018-05-12,13.9,20.4,1.5,1.5,67.3,14.1,8.09,
105,°­¸ª,2018-05-13,13.7,21.4,.5,1.2,77.4,14.1,21.95,
105,°­¸ª,2018-05-14,18,28.9,,3.5,46.1,14.2,27.46,
105,°­¸ª,2018-05-15,23.5,32.1,,3,36.3,14.2,24.1,
105,°­¸ª,2018-05-16,21.5,28.1,2,1.2,73.8,14.2,4.07,
105,°­¸ª,2018-05-17,12.2,27.9,50,2,85.4,14.3,5.57,
105,°­¸ª,2018-05-18,9.7,12.4,69,2.8,90.3,14.3,4.53,
105,°­¸ª,2018-05-19,9.5,17.7,,1.6,68.8,14.3,30.44,
105,°­¸ª,2018-05-20,8.1,18.1,,1.6,70.4,14.3,19.29,
105,°­¸ª,2018-05-21,8.6,18,,1.9,73.1,14.4,26.19,
105,°­¸ª,2018-05-22,10.2,19.9,2.5,1.2,84.1,14.4,19.12,
105,°­¸ª,2018-05-23,13.3,21.1,.5,1.5,62.5,14.4,30.57,
105,°­¸ª,2018-05-24,13.8,27.9,,4.2,32.5,14.4,29.09,
105,°­¸ª,2018-05-25,20,29.6,,3.7,36.4,14.5,28.65,
105,°­¸ª,2018-05-26,14.4,21,,1.8,72.1,14.5,28.76,
105,°­¸ª,2018-05-27,14.2,19.4,.1,1.4,85.3,14.5,12.19,
105,°­¸ª,2018-05-28,15,20.8,,1.6,82.9,14.5,23.87,
105,°­¸ª,2018-05-29,16.2,22.2,.5,1.3,86.3,14.5,13.71,
105,°­¸ª,2018-05-30,16.6,25.3,.3,2.1,77.8,14.6,21.48,
105,°­¸ª,2018-05-31,15.3,26.3,,2.3,55.4,14.6,30.07,
105,°­¸ª,2018-06-01,19.3,28.6,,2.6,48.3,14.6,29.89,
105,°­¸ª,2018-06-02,20.5,32.6,,2.5,39.5,14.6,29.44,
105,°­¸ª,2018-06-03,23.5,31.5,,2.3,32.8,14.6,28.81,
105,°­¸ª,2018-06-04,21.2,30.4,,2.2,38.6,14.7,23.38,
105,°­¸ª,2018-06-05,21.6,29.3,,2.7,47.8,14.7,25.76,
105,°­¸ª,2018-06-06,21.4,31,,2.1,50.4,14.7,28.82,
105,°­¸ª,2018-06-07,24.3,32.2,,2.1,46.5,14.7,26.85,
105,°­¸ª,2018-06-08,19.6,27.7,,2,58.3,14.7,27.68,
105,°­¸ª,2018-06-09,16.8,19.6,.1,2,80.8,14.7,8.21,
105,°­¸ª,2018-06-10,15.8,18.6,.5,2.1,84.3,14.7,9.49,
105,°­¸ª,2018-06-11,15.1,17.4,.5,1.2,79.4,14.7,6.16,
105,°­¸ª,2018-06-12,13.9,20.3,,1.9,68,14.8,27.41,
105,°­¸ª,2018-06-13,14.6,20.8,,1.8,76.6,14.8,10.32,
105,°­¸ª,2018-06-14,17.1,20.3,,2.7,76.5,14.8,10.78,
105,°­¸ª,2018-06-15,16.2,21,,2.2,72.3,14.8,20.86,
105,°­¸ª,2018-06-16,15.3,21.6,,1.9,70.6,14.8,26.49,
105,°­¸ª,2018-06-17,13.5,28.5,,1,69.4,14.8,20.8,
105,°­¸ª,2018-06-18,17.4,26.5,,1.1,72.9,14.8,25,
105,°­¸ª,2018-06-19,19,27.5,,1.8,61.6,14.8,15.69,
105,°­¸ª,2018-06-20,19.3,29.2,,1.8,57.1,14.8,29.09,
105,°­¸ª,2018-06-21,18.7,29.4,,2.5,49,14.8,30.67,
105,°­¸ª,2018-06-22,18.7,32.8,,2.6,33.3,14.8,30.15,
105,°­¸ª,2018-06-23,25.1,33.3,,2.6,33.3,14.8,22.7,
105,°­¸ª,2018-06-24,26.3,34.5,,2.7,36.6,14.8,28.65,
105,°­¸ª,2018-06-25,21.7,29.3,,2,61.6,14.8,22.78,
105,°­¸ª,2018-06-26,19.3,25.1,21.5,1.4,92,14.8,3.78,
105,°­¸ª,2018-06-27,19.2,32,,2.1,68.9,14.8,25.95,
105,°­¸ª,2018-06-28,19.8,30.2,16,2.3,66.3,14.8,15.34,
105,°­¸ª,2018-06-29,21.3,29.5,,1.7,70.1,14.8,26.32,
105,°­¸ª,2018-06-30,22.6,27.6,,1.3,77.9,14.8,13.29,
105,°­¸ª,2018-07-01,20.9,23,43.5,1.1,95.1,14.8,3.79,
105,°­¸ª,2018-07-02,20.9,26,23.5,1,91.8,14.7,3.79,
105,°­¸ª,2018-07-03,21.7,30.9,6.5,1.8,83.8,14.7,18.28,
105,°­¸ª,2018-07-04,20.5,24.9,47,2.3,90.9,14.7,11.14,
105,°­¸ª,2018-07-05,19.2,21.2,10.5,1,96.8,14.7,7.2,
105,°­¸ª,2018-07-06,17.3,19.6,22.5,1.6,92.1,14.7,7.18,
105,°­¸ª,2018-07-07,15.9,20.1,4,2.1,79.8,14.7,15.93,
105,°­¸ª,2018-07-08,16.3,20.2,,1.4,72.1,14.7,11.47,
105,°­¸ª,2018-07-09,16.8,19,17.5,.7,89.4,14.7,4.44,
105,°­¸ª,2018-07-10,17.9,20.6,4.5,.7,92.3,14.6,5.43,
105,°­¸ª,2018-07-11,19,22.7,12,.7,95,14.6,4.94,
105,°­¸ª,2018-07-12,19.7,33.2,,2.3,68.6,14.6,20.92,
105,°­¸ª,2018-07-13,27.9,34.5,,3.1,55.6,14.6,27.57,
105,°­¸ª,2018-07-14,28.8,35.7,,3.3,52.5,14.6,29.91,
105,°­¸ª,2018-07-15,28,36,,2.7,51.5,14.5,29.72,
105,°­¸ª,2018-07-16,27.5,37.2,,2.4,51.1,14.5,29.8,
105,°­¸ª,2018-07-17,28.3,36.3,,3.9,49.5,14.5,29.48,
105,°­¸ª,2018-07-18,26.3,31.4,,1.9,64.4,14.5,29.42,
105,°­¸ª,2018-07-19,23.2,34.7,,1.7,64.8,14.5,29.31,
105,°­¸ª,2018-07-20,26.2,35.9,,2.4,53.5,14.4,29.46,
105,°­¸ª,2018-07-21,29.7,36.1,,2.1,53.5,14.4,28.59,
105,°­¸ª,2018-07-22,28.1,37,,2.2,49.5,14.4,28.89,
105,°­¸ª,2018-07-23,28.4,35.9,,2,58.4,14.4,23.85,
105,°­¸ª,2018-07-24,27.5,35.1,,1.7,67.4,14.3,27.28,
105,°­¸ª,2018-07-25,27.7,33.8,,1.8,68.1,14.3,23.2,
105,°­¸ª,2018-07-26,28.8,36.2,,1.9,60.5,14.3,27.75,
105,°­¸ª,2018-07-27,27.4,34.4,,1.6,70.5,14.3,26.23,
105,°­¸ª,2018-07-28,27,32.5,,1.6,76.9,14.2,19.43,
105,°­¸ª,2018-07-29,25.6,29.5,.5,2.9,81,14.2,14.71,
105,°­¸ª,2018-07-30,24.5,28.6,3.5,2.2,87.5,14.2,12.63,
105,°­¸ª,2018-07-31,23,33.8,,1.7,73.4,14.1,28.25,
105,°­¸ª,2018-08-01,24.7,33.5,,1.4,73.1,14.1,28.62,.8
105,°­¸ª,2018-08-02,24.6,32.8,,1.8,74.1,14.1,24,3.4
105,°­¸ª,2018-08-03,25.8,33.8,,1.6,75,14.1,26.23,3.3
105,°­¸ª,2018-08-04,28.8,38.2,,2.8,52.5,14,25.35,2.4
105,°­¸ª,2018-08-05,28.6,37.7,,2.7,58.1,14,22.83,4
105,°­¸ª,2018-08-06,23.7,28.6,200,1.2,95.9,14,2.28,8.1
105,°­¸ª,2018-08-07,23.6,29.9,.2,1.6,84.1,13.9,18.23,6.6
105,°­¸ª,2018-08-08,24.5,29.7,0,1,84.1,13.9,10.22,6.5
105,°­¸ª,2018-08-09,24.6,30.9,.5,1.3,83.5,13.9,13.43,8.3
105,°­¸ª,2018-08-10,23.9,25.5,7,.9,92,13.8,6.77,6.5
105,°­¸ª,2018-08-11,23.6,28.7,,1.5,82.9,13.8,12.26,5.5
105,°­¸ª,2018-08-12,22.1,30.4,,1.7,79.9,13.8,23.03,6.3
105,°­¸ª,2018-08-13,25.8,32.1,,1.3,82.4,13.7,23.06,7.8
105,°­¸ª,2018-08-14,25.6,33.9,1,1.8,75.4,13.7,20.64,6.3
105,°­¸ª,2018-08-15,24.7,30.4,,1.6,83,13.6,20.74,4.9
105,°­¸ª,2018-08-16,19.8,27.2,26,2.2,78.5,13.6,13.82,7.1
105,°­¸ª,2018-08-17,18.5,26.4,.2,2,72,13.6,19.34,5
105,°­¸ª,2018-08-18,18.2,28.2,,2.6,67.6,13.5,26.48,4.3
105,°­¸ª,2018-08-19,20.6,27.9,,1.4,72.4,13.5,19.58,7
105,°­¸ª,2018-08-20,20.3,28,,1.7,77.9,13.5,19.09,6
105,°­¸ª,2018-08-21,23.2,30.8,.2,2.2,61.5,13.4,10.18,8.8
105,°­¸ª,2018-08-22,23.6,30.5,,1.7,67.3,13.4,22.8,5.6
105,°­¸ª,2018-08-23,22.8,27,2,1.4,86.5,13.4,4.67,9.8
105,°­¸ª,2018-08-24,21.3,27.3,38.5,2.2,90.9,13.3,7.29,9
105,°­¸ª,2018-08-25,20.6,27.8,,2.1,62.3,13.3,4.63,8.3
105,°­¸ª,2018-08-26,21.9,28,4.5,2.4,63.4,13.2,10.87,8.2
105,°­¸ª,2018-08-27,20.4,26.2,64,1.1,91,13.2,6.64,9.3
105,°­¸ª,2018-08-28,19.3,26.4,36,1.2,86.9,13.2,12.34,7.4
105,°­¸ª,2018-08-29,20.9,27.2,36.5,1.5,86.6,13.1,5.89,9.6
105,°­¸ª,2018-08-30,23.6,32,1.5,2.1,73.6,13.1,17.57,6.4
105,°­¸ª,2018-08-31,21.4,28.5,1,1.5,74.3,13.1,17.73,6.5
105,°­¸ª,2018-09-01,19.8,25.7,.1,1.5,77.4,13,17.81,4.9
105,°­¸ª,2018-09-02,17.1,24.7,,1.8,74.8,13,21.21,3.8
105,°­¸ª,2018-09-03,19.6,24.1,37,1.1,85.5,12.9,7.6,9.5
105,°­¸ª,2018-09-04,19.8,26.1,29,1.5,81.9,12.9,19.37,5.8
105,°­¸ª,2018-09-05,20.1,29.1,,2.9,46.3,12.9,22.98,1.3
105,°­¸ª,2018-09-06,20.6,29,,3,50.4,12.8,17.96,7.3
105,°­¸ª,2018-09-07,18.9,25.9,,2.4,60.1,12.8,9.16,7.8
105,°­¸ª,2018-09-08,16.8,24.9,,2.6,55,12.7,24.69,1.8
105,°­¸ª,2018-09-09,14.8,24.4,8,2.3,71.1,12.7,18.52,3.3
105,°­¸ª,2018-09-10,14.9,23.3,3.5,2,73.1,12.7,19.83,3.9
105,°­¸ª,2018-09-11,14.3,23.4,,2.3,69.5,12.6,19.09,6.4
105,°­¸ª,2018-09-12,16,21.7,,1.5,77.3,12.6,7.1,7.9
105,°­¸ª,2018-09-13,16.4,23.7,,1.1,82.9,12.5,10.42,7.9
105,°­¸ª,2018-09-14,16.6,22.6,1.5,1,85.9,12.5,5.12,8.6
105,°­¸ª,2018-09-15,19.1,23.3,3,.9,90.9,12.5,7.1,7.1
105,°­¸ª,2018-09-16,20.3,24.2,1,1.5,83.1,12.4,7.72,9.6
105,°­¸ª,2018-09-17,17.8,25.2,,1.8,66.8,12.4,19.7,5
105,°­¸ª,2018-09-18,17.2,24.8,,2.4,65.5,12.4,18.04,7
105,°­¸ª,2018-09-19,16.8,25.2,.5,1.8,78.5,12.3,18.29,5.9
105,°­¸ª,2018-09-20,16.9,20.1,36,1.1,93.8,12.3,2.44,8.3
105,°­¸ª,2018-09-21,17.2,18.7,31,.9,95.3,12.2,3.02,8.1
105,°­¸ª,2018-09-22,16,26.9,,2.1,57.5,12.2,21.33,2.5
105,°­¸ª,2018-09-23,15.7,24.9,,2.2,55.5,12.1,11.37,7.5
105,°­¸ª,2018-09-24,13.5,22.9,,2.1,54.9,12.1,17.39,5.3
105,°­¸ª,2018-09-25,12.1,21.6,8.5,2.6,64.5,12.1,20.12,3.9
105,°­¸ª,2018-09-26,14,20.6,2,1.8,73.6,12,10.41,8
105,°­¸ª,2018-09-27,12.9,21.4,.1,2.4,66,12,17.75,4.5
105,°­¸ª,2018-09-28,12.1,19.8,,2.4,73.3,11.9,7.29,7.1
105,°­¸ª,2018-09-29,13.3,22.8,,2,71.9,11.9,17.4,5.1
105,°­¸ª,2018-09-30,15.3,24.7,,2.5,61.5,11.9,19.31,3.8
105,°­¸ª,2018-10-01,14.2,20.1,,3.5,38.6,11.8,19.42,3.1
105,°­¸ª,2018-10-02,12.2,23,,2.7,52,11.8,20.35,.1
105,°­¸ª,2018-10-03,13.1,23.1,,2.7,57,11.7,19.87,.5
105,°­¸ª,2018-10-04,13.1,21.4,4,2,76.4,11.7,6.93,8.3
105,°­¸ª,2018-10-05,14.9,17.1,56.5,1.4,94,11.7,1.66,10
105,°­¸ª,2018-10-06,15.1,18.1,144.5,4.2,92.3,11.6,1.43,9
105,°­¸ª,2018-10-07,15.8,25.9,,3.1,50.4,11.6,19.16,3.6
105,°­¸ª,2018-10-08,11.9,19.7,,2.9,44,11.5,18.65,3.9
105,°­¸ª,2018-10-09,11.6,21.7,,2.7,53.1,11.5,15.29,6.9
105,°­¸ª,2018-10-10,10.4,18.7,,3.7,48,11.5,18.14,4.9
105,°­¸ª,2018-10-11,8.4,16.9,,3,37.8,11.4,19.5,.9
105,°­¸ª,2018-10-12,7.2,17.4,,2.8,55.8,11.4,18.66,.5
105,°­¸ª,2018-10-13,8.8,19.2,,2.7,58.1,11.3,17.48,1.8
105,°­¸ª,2018-10-14,10.2,21,,2.9,51,11.3,17.71,3.3
105,°­¸ª,2018-10-15,12.1,21.1,,2.3,53.4,11.3,15.95,1.5
105,°­¸ª,2018-10-16,11.3,18.6,10,2.1,70.4,11.2,9.71,7.5
105,°­¸ª,2018-10-17,11.6,13.5,2,1.2,89.5,11.2,2.85,8.9
105,°­¸ª,2018-10-18,10.8,14.4,27.5,2.3,82.8,11.2,3.91,8.1
105,°­¸ª,2018-10-19,8.6,17.1,.5,2,66.6,11.1,14.57,3
105,°­¸ª,2018-10-20,8.6,19.8,,2.6,60,11.1,17.01,0
105,°­¸ª,2018-10-21,9.8,21,,2.8,53.3,11,16.78,1.1
105,°­¸ª,2018-10-22,10.2,19.7,,1.8,51.1,11,13.14,6.5
105,°­¸ª,2018-10-23,11.2,18.5,.5,2.8,54.6,11,5.71,4.4
105,°­¸ª,2018-10-24,10.4,19.1,,2,51.6,10.9,16.25,0
105,°­¸ª,2018-10-25,10.2,21.5,,2.6,50.8,10.9,15.92,2.4
105,°­¸ª,2018-10-26,10.9,18.4,,2.3,51.5,10.8,5.7,8.1
105,°­¸ª,2018-10-27,7.8,14.1,,4.2,34.6,10.8,15.81,.5
105,°­¸ª,2018-10-28,5.4,14.7,2.5,2.6,56.9,10.8,11.4,5.1
105,°­¸ª,2018-10-29,6.5,14.2,,2.7,41.9,10.7,13.6,4
105,°­¸ª,2018-10-30,4.3,12.8,,2.4,41.4,10.7,15.72,1.3
105,°­¸ª,2018-10-31,4.9,12.4,,2,49.3,10.7,15.59,0
105,°­¸ª,2018-11-01,5.8,16.2,,3.1,45.8,10.6,15.28,0
105,°­¸ª,2018-11-02,7.7,20,,3,42.6,10.6,15.23,.1
105,°­¸ª,2018-11-03,9.9,21.6,,2.1,38.9,10.6,15.05,0
105,°­¸ª,2018-11-04,10.2,21.4,,2.6,39.6,10.5,14.88,1.1
105,°­¸ª,2018-11-05,9.5,16.9,0,1.8,67,10.5,8.04,7.4
105,°­¸ª,2018-11-06,10.3,18.7,,1.5,75.4,10.4,10.77,6.5
105,°­¸ª,2018-11-07,12.2,14,5.5,1.1,85.9,10.4,1.98,9.8
105,°­¸ª,2018-11-08,11.1,13.2,31,.9,93.9,10.4,1.2,9.1
105,°­¸ª,2018-11-09,12,17,.1,3.9,48.5,10.3,12.79,2.9
105,°­¸ª,2018-11-10,10.3,17.8,,2,50.9,10.3,10.91,2.5
105,°­¸ª,2018-11-11,7.8,15,,2,54.8,10.3,7.3,6.5
105,°­¸ª,2018-11-12,5.8,12.5,3,1.7,77.3,10.3,6.25,5.6
105,°­¸ª,2018-11-13,8,13.8,5,1.4,82,10.2,6.96,7.1
105,°­¸ª,2018-11-14,6.6,11.4,5,1.4,84.6,10.2,4.16,6.3
105,°­¸ª,2018-11-15,5,16,,2.1,61.8,10.2,11.05,3
105,°­¸ª,2018-11-16,8.8,15.1,,1.8,52.6,10.1,5.11,8.8
105,°­¸ª,2018-11-17,5.9,12.6,,1.6,67,10.1,6.66,7.3
105,°­¸ª,2018-11-18,7.9,14.7,,2.3,31,10.1,9.64,7.9
105,°­¸ª,2018-11-19,4.8,13.1,,2,44.4,10,9.14,
105,°­¸ª,2018-11-20,3.1,13.2,,2.6,30.4,10,11.6,.9
105,°­¸ª,2018-11-21,5.7,11.8,.2,2.3,49.6,10,2.87,8.8
105,°­¸ª,2018-11-22,1.8,8.9,,3,28.5,10,12.63,.1
105,°­¸ª,2018-11-23,0,7.8,,2.3,26.8,9.9,12.24,1.3
105,°­¸ª,2018-11-24,2.4,8.8,1.5,2.2,54,9.9,5.89,5.8
105,°­¸ª,2018-11-25,2.7,12.5,,2.8,48.8,9.9,9.53,2.1
105,°­¸ª,2018-11-26,5.6,16.4,,2.3,39.3,9.9,11.72,.1
105,°­¸ª,2018-11-27,9.8,16.1,,3.3,42.3,9.8,10.5,4.1
105,°­¸ª,2018-11-28,3,11.7,,2,36.5,9.8,8.5,4.5
105,°­¸ª,2018-11-29,2.7,11.8,,2.7,37.8,9.8,6.98,1.8
105,°­¸ª,2018-11-30,.8,10.5,,2.6,32.5,9.8,11.49,1.1
105,°­¸ª,2018-12-01,2.1,12.3,,1.9,49.6,9.8,10.33,3.8
105,°­¸ª,2018-12-02,3,14.9,,1.4,59,9.7,7.84,5.9
105,°­¸ª,2018-12-03,8.3,14.3,2.5,.9,84,9.7,4.38,8.4
105,°­¸ª,2018-12-04,6.8,12.8,13.5,1.5,81.8,9.7,2.21,8.3
105,°­¸ª,2018-12-05,1.3,8.5,.4,2,56.3,9.7,8.28,6.8
105,°­¸ª,2018-12-06,2.5,8,5,2.1,70,9.7,5.62,8.9
105,°­¸ª,2018-12-07,-6.6,3.4,,4.5,23,9.7,11.36,3.4
105,°­¸ª,2018-12-08,-8.4,-.1,,3.3,21.6,9.6,11.9,1.6
105,°­¸ª,2018-12-09,-7.8,2,,2.2,24.8,9.6,11.65,1.4
105,°­¸ª,2018-12-10,-5.1,4.6,,3.2,38.8,9.6,10.72,2.1
105,°­¸ª,2018-12-11,-1.5,3.1,1.5,2,77.3,9.6,2.26,8.9
105,°­¸ª,2018-12-12,-2.7,5.1,,2.3,42.5,9.6,10.97,.3
105,°­¸ª,2018-12-13,-2,5,,3.2,40.4,9.6,8.04,2
105,°­¸ª,2018-12-14,-4.7,3.9,,2.7,39.9,9.6,11.06,.6
105,°­¸ª,2018-12-15,-4.7,9.4,,3.3,24.4,9.6,10.99,3.5
105,°­¸ª,2018-12-16,4.2,6.9,,4,37.5,9.6,5.24,6.5
105,°­¸ª,2018-12-17,2.7,8.7,,3.3,36.4,9.6,10.05,2
105,°­¸ª,2018-12-18,.8,8.1,,3.3,36.4,9.6,8.57,3.5
105,°­¸ª,2018-12-19,6.1,11,,3.3,35.4,9.6,9.7,2.6
105,°­¸ª,2018-12-20,2,10.7,,1.7,37.4,9.5,8.88,3.3
105,°­¸ª,2018-12-21,1.7,12.4,,2.1,42.6,9.6,9.46,5.9
105,°­¸ª,2018-12-22,4.9,13.5,,1.6,53.5,9.5,9.16,4
105,°­¸ª,2018-12-23,2.7,11.3,,2.5,45.6,9.6,9.29,3.4
105,°­¸ª,2018-12-24,-.5,7.7,,3.7,21,9.5,11.28,.3
105,°­¸ª,2018-12-25,-.7,7.9,,3.3,38.9,9.6,7.22,5.8
105,°­¸ª,2018-12-26,.7,9,,2.6,29.6,9.6,9.76,5.4
105,°­¸ª,2018-12-27,-8.5,1.1,,4.2,13.4,9.6,11.33,.9
105,°­¸ª,2018-12-28,-9.9,1,,3.8,19.9,9.6,11.16,1.9
105,°­¸ª,2018-12-29,-7.8,2.2,,4.3,19.6,9.6,11.44,.6
105,°­¸ª,2018-12-30,-7.1,2.6,,2.8,31.1,9.6,11.29,2.4
105,°­¸ª,2018-12-31,-4.9,6.5,,3.5,23.8,9.6,11.17,2.1
105,°­¸ª,2019-01-01,-2.7,2.9,,4.1,26.3,9.6,6.88,2.3
105,°­¸ª,2019-01-02,-3.4,6.3,,3.6,21,9.6,11.48,0
105,°­¸ª,2019-01-03,-3.2,6.8,,2.5,19.8,9.6,11.3,0
105,°­¸ª,2019-01-04,.2,8.4,,3.4,24.8,9.6,9.13,4.9
105,°­¸ª,2019-01-05,-1.2,5.1,,3.4,37.3,9.7,10.31,3.4
105,°­¸ª,2019-01-06,-2.3,7.9,,3.2,38.5,9.7,9.39,2.4
105,°­¸ª,2019-01-07,.1,7.4,,3.8,22.1,9.7,10.14,3
105,°­¸ª,2019-01-08,-3.3,6.1,,3.7,21,9.7,11.35,1.3
105,°­¸ª,2019-01-09,-6.2,5.8,,3.4,20.4,9.7,9.71,5.3
105,°­¸ª,2019-01-10,2.5,8.9,,4.6,18.9,9.7,9.87,3.9
105,°­¸ª,2019-01-11,-.2,8.2,,2.5,49.1,9.8,10.16,5.1
105,°­¸ª,2019-01-12,.8,5.2,2,1.7,73.3,9.8,2.07,8.5
105,°­¸ª,2019-01-13,-.4,9.5,,2.9,58.1,9.8,10.67,.1
105,°­¸ª,2019-01-14,1.4,10.1,,2.3,37.6,9.8,9.26,4.5
105,°­¸ª,2019-01-15,-2.8,6.4,,3.7,38.1,9.8,7.97,3.9
105,°­¸ª,2019-01-16,-5.8,4.1,,3.8,28.1,9.9,9.6,2.4
105,°­¸ª,2019-01-17,-.7,6.7,,4.4,32.5,9.9,12.06,0
105,°­¸ª,2019-01-18,.5,9.9,,3.3,24,9.9,11.44,3
105,°­¸ª,2019-01-19,3.3,9.4,,2.5,37.5,9.9,6.9,7.8
105,°­¸ª,2019-01-20,-.9,7.4,,3.2,30.8,10,11.88,2.4
105,°­¸ª,2019-01-21,-2.4,5.9,,5.1,35,10,12.17,.1
105,°­¸ª,2019-01-22,1.3,9.6,,3.9,34.4,10,12.39,.4
105,°­¸ª,2019-01-23,1,11.4,,3.8,39.3,10,11.89,1.6
105,°­¸ª,2019-01-24,-1.4,7.8,,2.1,35.8,10.1,12.12,.3
105,°­¸ª,2019-01-25,-2.8,6.5,1.5,3.2,41.8,10.1,12.54,3.6
105,°­¸ª,2019-01-26,-5,4.7,.1,2.4,36.4,10.1,13.45,3.1
105,°­¸ª,2019-01-27,-1.5,10.7,,4.4,24.1,10.2,12.06,4.1
105,°­¸ª,2019-01-28,.2,8,,3.5,30.8,10.2,12.41,2.4
105,°­¸ª,2019-01-29,-2.3,9.1,,2.7,29,10.2,12.49,3.1
105,°­¸ª,2019-01-30,5,13.7,,3.6,18,10.2,11.17,6.8
105,°­¸ª,2019-01-31,-2.3,7.7,13,1.7,56.4,10.3,1.77,8.5
105,°­¸ª,2019-02-01,-3.9,4.6,,4.7,30.3,10.3,12.03,0
105,°­¸ª,2019-02-02,.7,9.4,,4.2,36.1,10.3,11.68,4.4
105,°­¸ª,2019-02-03,2.9,7.1,9,1.5,81,10.4,1.78,9.8
105,°­¸ª,2019-02-04,1,8.5,,3,24.1,10.4,14.26,1.4
105,°­¸ª,2019-02-05,.9,11.3,,3.9,20.4,10.4,13.7,3.4
105,°­¸ª,2019-02-06,3,13.9,,2.3,49.8,10.5,12.75,5.9
105,°­¸ª,2019-02-07,-1.6,5.5,2.5,2.2,63.4,10.5,6.79,5.7
105,°­¸ª,2019-02-08,-5,2.2,,1.8,39.9,10.5,12.52,6.8
105,°­¸ª,2019-02-09,-2.8,2.7,,3.1,35.4,10.6,14.23,5.3
105,°­¸ª,2019-02-10,-4.9,3.7,,2.1,46.6,10.6,10.35,6.9
105,°­¸ª,2019-02-11,-2.7,6.6,,2.7,20.4,10.6,15.99,1.4
105,°­¸ª,2019-02-12,-2.5,5.6,,2.4,31.4,10.7,14.14,1.9
105,°­¸ª,2019-02-13,-2.8,4.1,,2.8,33.6,10.7,14.51,2.3
105,°­¸ª,2019-02-14,-3.2,3.3,,1.6,63.3,10.8,8.41,8.4
105,°­¸ª,2019-02-15,-.6,7.2,,3.5,49.8,10.8,10.84,7.5
105,°­¸ª,2019-02-16,-2.4,4.9,,3.1,38.6,10.8,15.38,2.4
105,°­¸ª,2019-02-17,-2.4,8.4,,3.6,29,10.9,17.12,0
105,°­¸ª,2019-02-18,.7,10.9,,2.4,30.4,10.9,13.83,6.5
105,°­¸ª,2019-02-19,2.1,6.9,6,1.6,73.1,11,2.76,8.5
105,°­¸ª,2019-02-20,2.2,7.9,,3.5,47.9,11,16.79,2.5
105,°­¸ª,2019-02-21,.3,11.1,,2.4,51.6,11,16.6,0
105,°­¸ª,2019-02-22,3.1,11,,2.4,51.3,11.1,15.48,5.5
105,°­¸ª,2019-02-23,.4,10.7,.2,1.7,56,11.1,11.41,3
105,°­¸ª,2019-02-24,-.9,16.5,,3.5,34.4,11.1,18.03,3
105,°­¸ª,2019-02-25,3.7,10.7,,2.4,36.5,11.2,14.78,5.6
105,°­¸ª,2019-02-26,2.7,10.2,,2.8,47.8,11.2,17.52,1.9
105,°­¸ª,2019-02-27,4.2,13.2,,1.8,60,11.3,12.74,8.5
105,°­¸ª,2019-02-28,3.6,12,,2,51.6,11.3,15.24,4.4
105,°­¸ª,2019-03-01,2.6,13,,2.2,43.8,11.3,17.35,0
105,°­¸ª,2019-03-02,2.8,14.4,,2.5,44.1,11.4,16.39,4.6
105,°­¸ª,2019-03-03,5,15,,2.1,48.3,11.4,15.79,5.3
105,°­¸ª,2019-03-04,5,14.1,,1.6,62.9,11.5,14.64,3.6
105,°­¸ª,2019-03-05,4.9,16.6,,2.6,36.8,11.5,14.05,5.1
105,°­¸ª,2019-03-06,5.7,15.2,6,2.1,56,11.5,8.46,8.7
105,°­¸ª,2019-03-07,2,9.2,5,1.8,70.8,11.6,7.97,5.8
105,°­¸ª,2019-03-08,.9,15.1,,2.7,41.1,11.6,19.4,.1
105,°­¸ª,2019-03-09,9.7,17.2,,3.9,10.4,11.7,14.36,5.8
105,°­¸ª,2019-03-10,6.5,12,.5,2.7,50.6,11.7,5.5,9.5
105,°­¸ª,2019-03-11,2.4,13.6,,2.9,50.3,11.7,12.35,5.6
105,°­¸ª,2019-03-12,2.4,12.3,.5,3.9,48,11.8,15.93,2.7
105,°­¸ª,2019-03-13,0,9.5,,4.1,23.3,11.8,21.29,0
105,°­¸ª,2019-03-14,1.5,12.3,,3.2,27.3,11.9,20.8,4
105,°­¸ª,2019-03-15,1,11.7,9.5,1.8,62.4,11.9,13.55,6.8
105,°­¸ª,2019-03-16,1.5,10.1,.6,3.7,57.6,12,20.51,6.5
105,°­¸ª,2019-03-17,4.1,11.5,,2.6,43.9,12,19.2,1.1
105,°­¸ª,2019-03-18,7,18.5,,4.1,26.3,12,18.87,5.6
105,°­¸ª,2019-03-19,11.8,22.4,,3.1,25.8,12.1,18.87,2.2
105,°­¸ª,2019-03-20,10.5,21.5,9.5,2.3,44.9,12.1,8.82,9.1
105,°­¸ª,2019-03-21,6.6,15.9,4.5,3.1,62.3,12.2,10.56,7.6
105,°­¸ª,2019-03-22,1.9,9.4,,2.4,55.5,12.2,13.42,6.3
105,°­¸ª,2019-03-23,1.5,10.3,1,3.1,40.6,12.2,19.07,3.3
105,°­¸ª,2019-03-24,1.9,11.8,,4.2,32,12.3,23.97,0
105,°­¸ª,2019-03-25,5.7,16.7,,4.6,39.6,12.3,21.01,1.3
105,°­¸ª,2019-03-26,9.2,17.8,,3,34.9,12.4,23.37,1.3
105,°­¸ª,2019-03-27,7.3,21,.5,4.1,57.6,12.4,17.98,6
105,°­¸ª,2019-03-28,4.4,7.3,10,1.3,84.5,12.4,3.18,8.3
105,°­¸ª,2019-03-29,3.9,11.2,,1.9,69,12.5,13.41,7.1
105,°­¸ª,2019-03-30,4.4,12.7,2,3.4,58.6,12.5,21.39,5.1
105,°­¸ª,2019-03-31,3.1,9.8,,3.1,47.5,12.6,20.32,3.1
105,°­¸ª,2019-04-01,2.1,9.7,,2.7,32.4,12.6,18.87,1.9
105,°­¸ª,2019-04-02,2.4,11.3,,2.5,35.8,12.6,20.15,3
105,°­¸ª,2019-04-03,3.4,15.3,,3.5,29.4,12.7,24.92,.1
105,°­¸ª,2019-04-04,8.8,19.4,,5.8,18.8,12.7,25.47,1.8
105,°­¸ª,2019-04-05,9.2,18.6,,4.1,37.1,12.8,22.51,3.4
105,°­¸ª,2019-04-06,7.9,15.8,2.5,2.1,39.8,12.8,10.38,7.8
105,°­¸ª,2019-04-07,6.9,15.1,,2.4,52.8,12.8,23.16,4.5
105,°­¸ª,2019-04-08,5.4,15.4,,2.5,38.5,12.9,25.85,2.9
105,°­¸ª,2019-04-09,3.7,15,11.5,2.7,50.5,12.9,11.72,7.1
105,°­¸ª,2019-04-10,1.8,6.9,22,1.8,89.6,13,5.72,9.6
105,°­¸ª,2019-04-11,3.1,14,,2.1,64,13,16.85,6
105,°­¸ª,2019-04-12,5.2,17.4,,1.8,47.3,13,24.88,2
105,°­¸ª,2019-04-13,10.2,20.2,,3.1,26,13.1,26.18,5
105,°­¸ª,2019-04-14,7.7,14.4,,3.5,43.8,13.1,10.7,5.9
105,°­¸ª,2019-04-15,5.1,21.6,,2.7,27.1,13.2,25.66,0
105,°­¸ª,2019-04-16,14.7,25.1,,3.6,14.5,13.2,26.11,3.4
105,°­¸ª,2019-04-17,12.7,25.1,,2.4,16.9,13.2,27.29,4
105,°­¸ª,2019-04-18,13,21.5,,4.6,44.1,13.3,15.54,6
105,°­¸ª,2019-04-19,6.1,14.3,,2.3,51.4,13.3,14.08,5.8
105,°­¸ª,2019-04-20,4.7,20.7,,1.4,57.4,13.3,26.49,4
105,°­¸ª,2019-04-21,11.5,18.6,,1.6,61.3,13.4,16.61,6.8
105,°­¸ª,2019-04-22,9,18.6,,1.4,77.8,13.4,19.14,3.6
105,°­¸ª,2019-04-23,10.3,24.1,,1.5,62.1,13.5,18.56,8
105,°­¸ª,2019-04-24,12.6,23.5,5.5,2.3,78.9,13.5,17.26,9
105,°­¸ª,2019-04-25,7.4,14.1,7,1.6,76.1,13.5,6.2,8.9
105,°­¸ª,2019-04-26,6.9,8.9,36.5,1.5,91.5,13.6,3.36,9.3
105,°­¸ª,2019-04-27,5.3,17.2,,1.8,54.9,13.6,27.53,4.4
105,°­¸ª,2019-04-28,9.9,17.8,,2.1,49.5,13.7,8.84,8.8
105,°­¸ª,2019-04-29,9.4,16.8,.5,1.6,69.6,13.7,10.96,7.3
105,°­¸ª,2019-04-30,8,17.5,,1.5,77.3,13.7,21.76,5.4
105,°­¸ª,2019-05-01,9.9,22.7,,1.3,61.9,13.7,26.08,4.8
105,°­¸ª,2019-05-02,11,26.6,,2.1,41.4,13.8,28.54,.5
105,°­¸ª,2019-05-03,11.8,22.4,,1.6,55,13.8,27.91,.4
105,°­¸ª,2019-05-04,10.7,24.5,,1.3,67.6,13.9,25.41,4.4
105,°­¸ª,2019-05-05,13.6,28.7,,2,30.1,13.9,23.63,6.9
105,°­¸ª,2019-05-06,8.9,20.1,2,3.1,45.3,13.9,23.79,4
105,°­¸ª,2019-05-07,9.5,24.3,,3.1,24.1,14,29.93,.1
105,°­¸ª,2019-05-08,15.7,26.7,,4.9,24.3,14,26.92,5.3
105,°­¸ª,2019-05-09,18,28.2,,4.5,23.8,14,26.27,4.4
105,°­¸ª,2019-05-10,16.7,27.3,,2.5,31.5,14.1,27.59,2.9
105,°­¸ª,2019-05-11,14.1,25.4,,1.3,44.5,14.1,25.57,3.5
105,°­¸ª,2019-05-12,12.4,15.7,,1.6,75.3,14.1,4.04,8.4
105,°­¸ª,2019-05-13,12.8,20,,1.5,75.6,14.1,15.1,8.9
105,°­¸ª,2019-05-14,13.5,24.6,,1.7,69.5,14.2,25.78,4.8
105,°­¸ª,2019-05-15,15.3,22.4,,1.5,66.4,14.2,25.63,5
105,°­¸ª,2019-05-16,14.5,27.6,,2,62.1,14.2,27.43,3.5
105,°­¸ª,2019-05-17,19.5,28.5,,2.3,44.9,14.3,20.37,6.3
105,°­¸ª,2019-05-18,19.9,25,0,2.4,52,14.3,13.47,6.9
105,°­¸ª,2019-05-19,16.7,22.5,2,1.4,76.1,14.3,19.37,7.3
105,°­¸ª,2019-05-20,15.1,23.9,,3.8,44.5,14.3,16.62,7
105,°­¸ª,2019-05-21,13.3,25.5,,4.4,30.6,14.4,29.06,.8
105,°­¸ª,2019-05-22,16.9,28.2,,4.8,24.4,14.4,29.79,3.9
105,°­¸ª,2019-05-23,20.6,31.7,,2.9,24.6,14.4,30.57,1.1
105,°­¸ª,2019-05-24,21.9,34,,2.5,26.4,14.4,29.79,2.3
105,°­¸ª,2019-05-25,26.6,34.3,,4.2,27.4,14.5,23.98,6.7
105,°­¸ª,2019-05-26,23.5,34.8,,2.4,28.6,14.5,29.35,5.5
105,°­¸ª,2019-05-27,19.6,26.7,.5,3.4,56.4,14.5,10.6,9.4
105,°­¸ª,2019-05-28,16.1,26.9,,3,30.3,14.5,26,1.6
105,°­¸ª,2019-05-29,15,28.3,,2.8,25.5,14.5,30.66,.5
105,°­¸ª,2019-05-30,19.7,29.8,,4,27.1,14.6,19.07,7.3
105,°­¸ª,2019-05-31,18.3,25.8,,3.4,36.9,14.6,24.19,4
105,°­¸ª,2019-06-01,17.3,29.2,,3.5,31.6,14.6,25.81,3.6
105,°­¸ª,2019-06-02,19.1,28.4,,2.2,35.8,14.6,30.49,1
105,°­¸ª,2019-06-03,20.4,31.7,,2.2,37.1,14.6,27.42,1.3
105,°­¸ª,2019-06-04,24,34.1,,2.9,32.3,14.6,26.98,3.8
105,°­¸ª,2019-06-05,17.8,25.7,,1.6,70.6,14.7,26.66,4
105,°­¸ª,2019-06-06,16.6,21.5,10.5,1.3,86.8,14.7,9.39,9.6
105,°­¸ª,2019-06-07,16.2,17.6,69,2.3,96,14.7,2.43,9.3
105,°­¸ª,2019-06-08,15,22.8,,1.5,79.1,14.7,25.2,6.3
105,°­¸ª,2019-06-09,14.9,22.1,2,1.7,80.6,14.7,17.17,9.1
105,°­¸ª,2019-06-10,14.7,19.3,3.5,1.5,85.8,14.7,12.37,8.6
105,°­¸ª,2019-06-11,14.5,18.9,1.5,1.1,81.4,14.7,7.19,7.4
105,°­¸ª,2019-06-12,11.9,23.8,,1.6,73.3,14.8,30.84,.5
105,°­¸ª,2019-06-13,13.4,30.5,,1.8,60,14.8,30.27,2.9
105,°­¸ª,2019-06-14,17.1,27.2,4.5,1.8,63.3,14.8,13.62,8.9
105,°­¸ª,2019-06-15,16,22.5,20.5,2.3,82.9,14.8,17.59,8.1
105,°­¸ª,2019-06-16,15.8,22.5,4,1.5,82.6,14.8,12.6,6
105,°­¸ª,2019-06-17,15.5,25.8,,1.3,74.1,14.8,27.94,5
105,°­¸ª,2019-06-18,19.7,26.6,7.5,2.4,61.4,14.8,12.03,8.9
105,°­¸ª,2019-06-19,19.7,29.2,1.5,1.9,61,14.8,23.95,4.1
105,°­¸ª,2019-06-20,20.4,34,,2.5,52,14.8,28.89,4.5
105,°­¸ª,2019-06-21,16.9,26,0,2.6,76.1,14.8,11.42,7.3
105,°­¸ª,2019-06-22,14.9,25.3,,1.9,66.4,14.8,31.01,2.5
105,°­¸ª,2019-06-23,15.1,24.1,,1.7,71.1,14.8,29.41,3.3
105,°­¸ª,2019-06-24,16.5,29.1,.2,1.9,67,14.8,30.62,2.3
105,°­¸ª,2019-06-25,17,32.5,,1.3,70.1,14.8,29.16,2.4
105,°­¸ª,2019-06-26,19.8,27.8,1.5,1,75,14.8,14.23,8.5
105,°­¸ª,2019-06-27,20.3,28.1,2.5,1.9,82.5,14.8,26.04,6.6
105,°­¸ª,2019-06-28,19.9,26.6,,1.6,83.4,14.8,12.9,7.8
105,°­¸ª,2019-06-29,19.6,28.8,3.5,1.2,84.9,14.8,14.76,8.4
105,°­¸ª,2019-06-30,20.1,33.3,,2,64.1,14.8,20.28,6.6
105,°­¸ª,2019-07-01,23,31.3,,2.1,55,14.8,19.53,7
105,°­¸ª,2019-07-02,21,30,,2.6,51.4,14.8,29.31,.4
105,°­¸ª,2019-07-03,21.6,30.4,,2.2,53.9,14.7,25.1,4
105,°­¸ª,2019-07-04,21.6,31.5,,2.3,47.6,14.7,29.8,1.4
105,°­¸ª,2019-07-05,23,29.8,,1.9,62.4,14.7,26.97,3.3
105,°­¸ª,2019-07-06,22.2,28.1,.2,1.7,74.6,14.7,27.12,4.6
105,°­¸ª,2019-07-07,20.6,24.4,.5,1.9,71,14.7,18.17,8.1
105,°­¸ª,2019-07-08,18.8,23.3,5,1.7,82.1,14.7,10.22,7.8
105,°­¸ª,2019-07-09,18.5,23.4,2.5,1.6,78.9,14.7,15.68,7.8
105,°­¸ª,2019-07-10,18,20.6,53.5,1.7,94.9,14.6,3.74,9.8
105,°­¸ª,2019-07-11,18.4,20.6,100.5,2.9,95.6,14.6,5.24,7.6
105,°­¸ª,2019-07-12,18.4,28.3,,1.4,73.3,14.6,27.27,5.6
105,°­¸ª,2019-07-13,22.5,29.4,,2.1,59.8,14.6,25.58,6
105,°­¸ª,2019-07-14,19.9,23.3,1,1.3,84.5,14.6,6.04,6.4
105,°­¸ª,2019-07-15,20.3,25.4,7,1.4,84,14.6,13.22,8.5
105,°­¸ª,2019-07-16,20.9,24.4,1.5,1.5,88.1,14.5,11.29,8.6
105,°­¸ª,2019-07-17,20.8,27.1,,1,80.3,14.5,16.45,8.1
105,°­¸ª,2019-07-18,23.1,31,,1.6,67.1,14.5,24.32,6.8
105,°­¸ª,2019-07-19,23.1,28.7,3,1.4,78.8,14.5,22.11,6.3
105,°­¸ª,2019-07-20,22.9,24.9,17.5,2.8,91.3,14.4,3.53,9.9
105,°­¸ª,2019-07-21,22.9,30.7,8,2.2,80.3,14.4,13.12,8.4
105,°­¸ª,2019-07-22,27.6,35,,4.1,53.5,14.4,28.2,2.3
105,°­¸ª,2019-07-23,28.6,35.4,,3.5,54,14.4,24.46,7
105,°­¸ª,2019-07-24,28.5,34.2,,2.3,61.6,14.3,16.92,8
105,°­¸ª,2019-07-25,28.6,33.9,1.5,2.3,65.4,14.3,17.69,7.5
105,°­¸ª,2019-07-26,24.3,29.9,13.5,1.3,91.6,14.3,5.1,9.5
105,°­¸ª,2019-07-27,25.6,31.1,.5,1.4,76.6,14.3,23.78,5.6
105,°­¸ª,2019-07-28,25.7,32.9,5,1.5,75.3,14.2,9.03,9.3
105,°­¸ª,2019-07-29,26.9,34,.1,2.7,57,14.2,18.7,7.6
105,°­¸ª,2019-07-30,28.4,35.3,,2.5,53.6,14.2,18.61,5
105,°­¸ª,2019-07-31,29.7,34.3,,2.9,56.9,14.1,20.07,6.6
105,°­¸ª,2019-08-01,27.2,36.4,,2.6,57.5,14.1,22.38,5.8
105,°­¸ª,2019-08-02,26.8,35,,2,59.9,14.1,26.47,3.1
105,°­¸ª,2019-08-03,25.3,31.6,,1.4,76,14.1,19.49,6.4
105,°­¸ª,2019-08-04,24.2,30.6,,1.1,81.8,14,24.43,6.1
105,°­¸ª,2019-08-05,25.2,32.8,,1.5,75,14,26.55,2.6
105,°­¸ª,2019-08-06,23.7,29.4,2.5,1.7,79.3,14,17.04,6.6
105,°­¸ª,2019-08-07,23.8,29.4,58,2.5,79.1,13.9,8.76,8
105,°­¸ª,2019-08-08,25.5,34.9,.4,2.4,63,13.9,24.75,6.6
105,°­¸ª,2019-08-09,26.6,34.5,,2.3,64,13.9,27.34,5.4
105,°­¸ª,2019-08-10,25.2,30.2,,1.6,81,13.8,14.13,5.3
105,°­¸ª,2019-08-11,24.5,27.1,17,2.2,91.6,13.8,5.37,7.4
105,°­¸ª,2019-08-12,24.5,35.1,.1,1.5,81.6,13.8,17.7,8.3
105,°­¸ª,2019-08-13,24.6,27.8,,1.3,87.1,13.7,8.99,5.5
105,°­¸ª,2019-08-14,24.2,27.5,.3,1.2,89.9,13.7,5.62,7.4
105,°­¸ª,2019-08-15,22.6,25.7,161.5,3.5,97.1,13.7,1.86,9.1
105,°­¸ª,2019-08-16,21.7,33.2,4.5,2.2,71.1,13.6,26.67,4.5
105,°­¸ª,2019-08-17,25.8,31.7,,2.8,57.6,13.6,15.75,7
105,°­¸ª,2019-08-18,22.3,31.4,,2.5,58.3,13.6,24.2,3.5
105,°­¸ª,2019-08-19,21.4,29,,2.1,74.1,13.5,21.27,4
105,°­¸ª,2019-08-20,20.8,28.7,,2,76.8,13.5,17.12,5
105,°­¸ª,2019-08-21,20.8,31.4,.2,1.4,75.8,13.4,19.57,8
105,°­¸ª,2019-08-22,24,31,,1.3,74.6,13.4,19.2,7.3
105,°­¸ª,2019-08-23,22,32.5,,2.1,51.1,13.4,21.26,5.5
105,°­¸ª,2019-08-24,21.8,28.2,,2.1,62.4,13.3,12.24,5.8
105,°­¸ª,2019-08-25,20.5,28.6,19.5,2,76.4,13.3,16.85,3.6
105,°­¸ª,2019-08-26,20.6,30.7,,1.9,73,13.3,23.03,5.5
105,°­¸ª,2019-08-27,20.8,27.9,.5,1.7,74.6,13.2,13.61,7.6
105,°­¸ª,2019-08-28,20.5,30.7,,1.3,70.3,13.2,18.95,7.6
105,°­¸ª,2019-08-29,22.2,30.4,,2.2,58,13.1,12.38,6.9
105,°­¸ª,2019-08-30,21.6,30,,3,48.9,13.1,23.62,1.3
105,°­¸ª,2019-08-31,20.4,29.9,,2.5,57.5,13.1,22.02,2.9
105,°­¸ª,2019-09-01,20,28.7,,2.5,66.6,13,19.29,6.3
105,°­¸ª,2019-09-02,21.2,29.6,,2.2,63.3,13,18.42,7.6
105,°­¸ª,2019-09-03,19.6,22.1,23.5,1.1,87.9,12.9,3.31,10
105,°­¸ª,2019-09-04,20.1,23.6,25.5,.7,95.6,12.9,5.45,9.8
105,°­¸ª,2019-09-05,21.9,26.1,23.5,.8,93.4,12.9,6.27,9.3
105,°­¸ª,2019-09-06,22.1,27.9,1,.9,90.1,12.8,11.87,9.6
105,°­¸ª,2019-09-07,22.8,33.4,2,3.5,72.6,12.8,12.01,7.8
105,°­¸ª,2019-09-08,25.6,30.5,,3.3,59.8,12.8,13.51,9.3
105,°­¸ª,2019-09-09,24,29.3,.1,1.4,72,12.7,9.85,9.8
105,°­¸ª,2019-09-10,20.6,24.6,1.5,1.2,87.5,12.7,7.13,9.3
105,°­¸ª,2019-09-11,19.1,21.4,41.5,1.2,95.9,12.6,3.75,9.3
105,°­¸ª,2019-09-12,17.7,22.9,.2,1,79.9,12.6,9.38,8.8
105,°­¸ª,2019-09-13,16.1,25.4,,1.8,76.1,12.6,17.56,5
105,°­¸ª,2019-09-14,17.2,30.5,,1.2,71.9,12.5,11.21,8.3
105,°­¸ª,2019-09-15,17.5,22.9,14.5,1.5,84.1,12.5,6.15,7.4
105,°­¸ª,2019-09-16,16.3,25.9,,2.1,67.5,12.4,20.15,4.8
105,°­¸ª,2019-09-17,15.4,25.7,,2.1,73,12.4,21.01,7.3
105,°­¸ª,2019-09-18,18.5,27.7,,2.1,64.3,12.4,17.35,6.3
105,°­¸ª,2019-09-19,16.3,25.1,,1.9,69.3,12.3,19.79,5.5
105,°­¸ª,2019-09-20,16.3,23.8,,2,65.6,12.3,11.23,9.8
105,°­¸ª,2019-09-21,15,21.9,15,1.3,83,12.2,3.36,10
105,°­¸ª,2019-09-22,14.9,18,78.5,1.9,91.3,12.2,1.25,10
105,°­¸ª,2019-09-23,13.8,21.8,6.5,2.6,78.4,12.1,6.3,5
105,°­¸ª,2019-09-24,13.9,26.5,,2.6,60.5,12.1,21.8,0
105,°­¸ª,2019-09-25,15,24.4,,2,73,12.1,17.7,5.9
105,°­¸ª,2019-09-26,15.9,26.6,,1.3,72,12,14.31,8.1
105,°­¸ª,2019-09-27,15.6,24.9,,1.3,72.5,12,11.93,8.3
105,°­¸ª,2019-09-28,18.1,26.2,,1.2,82,11.9,15.69,4.5
105,°­¸ª,2019-09-29,18.7,30.7,,2.1,59.9,11.9,20.45,.1
105,°­¸ª,2019-09-30,18.2,28.2,,2,67.1,11.9,19.89,.4
105,°­¸ª,2019-10-01,17,25.1,,1,83.1,11.8,11.1,7
105,°­¸ª,2019-10-02,19.7,22.6,61,1,93.5,11.8,2.67,10
105,°­¸ª,2019-10-03,19.2,22,310,4.8,84.4,11.8,3.46,8.5
105,°­¸ª,2019-10-04,18.4,23.1,,1.6,82.5,11.7,8.14,7.5
105,°­¸ª,2019-10-05,13.2,19.5,57.5,2,92.6,11.7,1.58,9.9
105,°­¸ª,2019-10-06,12.2,18.7,.1,1.7,73.6,11.6,7.36,8.8
105,°­¸ª,2019-10-07,13,20,0,1,77.6,11.6,6.6,7.6
105,°­¸ª,2019-10-08,13.1,24.1,,2.4,51.3,11.5,18.57,2.7
105,°­¸ª,2019-10-09,10.5,24,,2.4,42.9,11.5,18.45,2.3
105,°­¸ª,2019-10-10,13.4,23.7,,1.7,52,11.5,9.24,8
105,°­¸ª,2019-10-11,14.1,22.7,.2,3.2,64.4,11.4,14.57,5.6
105,°­¸ª,2019-10-12,16.4,22,,3,58.4,11.4,10.18,7
105,°­¸ª,2019-10-13,12.4,18.7,,1.9,62.8,11.4,8,6.3
105,°­¸ª,2019-10-14,10.2,23.5,92,1.8,75.3,11.3,10.27,6.5
105,°­¸ª,2019-10-15,9.2,18.4,8,1.2,85.4,11.3,7.85,6.3
105,°­¸ª,2019-10-16,9.1,22.8,,2.2,62.5,11.2,17.03,3.5
105,°­¸ª,2019-10-17,11.6,20.8,,2.4,63.8,11.2,10.09,7.4
105,°­¸ª,2019-10-18,12.6,17.7,1.5,1,85,11.2,2.08,8.5
105,°­¸ª,2019-10-19,13.5,21.5,,2,76,11.1,13.21,4.9
105,°­¸ª,2019-10-20,12.8,24.9,,2.8,64.8,11.1,16.41,.1
105,°­¸ª,2019-10-21,12.4,24.6,,2.5,65.5,11,15.91,1.6
105,°­¸ª,2019-10-22,12.7,23.4,,1.9,73.4,11,12.68,3.4
105,°­¸ª,2019-10-23,12.7,20.5,.2,1.8,75.9,11,7.59,8.5
105,°­¸ª,2019-10-24,14,21.2,1,1.6,72.6,10.9,7.81,8.5
105,°­¸ª,2019-10-25,13.7,19.1,4.5,1.7,74,10.9,5.88,8.9
105,°­¸ª,2019-10-26,11,18.6,,3,49.5,10.9,14.91,5.3
105,°­¸ª,2019-10-27,8.8,20.5,,2.4,44.1,10.8,16.14,.4
105,°­¸ª,2019-10-28,8.6,21.6,,2,51.8,10.8,14.81,3.6
105,°­¸ª,2019-10-29,12.8,20.3,,3.4,42.8,10.7,14.91,
105,°­¸ª,2019-10-30,10.1,22.7,,2.9,38.8,10.7,15.65,0
105,°­¸ª,2019-10-31,14.1,22.2,,4.2,42.9,10.7,14.39,0
105,°­¸ª,2019-11-01,12,23,,2.8,60,10.6,13.73,.9
105,°­¸ª,2019-11-02,10.3,22.6,,1.8,57.6,10.6,9.79,6.4
105,°­¸ª,2019-11-03,10.9,15.8,13.5,2,81.6,10.6,.6,9.4
105,°­¸ª,2019-11-04,7.9,19,,1.9,73.6,10.5,14.35,4.3
105,°­¸ª,2019-11-05,7.5,23.3,,2.7,47.8,10.5,14.36,0
105,°­¸ª,2019-11-06,10.1,20.8,,2.8,52.8,10.5,12.82,4.8
105,°­¸ª,2019-11-07,8.2,16.1,,2.9,57.5,10.4,11.01,5.8
105,°­¸ª,2019-11-08,6.8,18.4,,2.6,51,10.4,13.19,.3
105,°­¸ª,2019-11-09,7.6,14,1.5,3.2,66.5,10.4,4.39,5
105,°­¸ª,2019-11-10,7.2,21.3,,2.2,52.8,10.3,6.94,8.1
105,°­¸ª,2019-11-11,10.9,19.1,,3,50.8,10.3,12.6,3.1
105,°­¸ª,2019-11-12,4.3,18.3,,2.4,54.5,10.3,9.72,2.8
105,°­¸ª,2019-11-13,5.6,17.9,0,3.5,38.9,10.2,7.22,5.8
105,°­¸ª,2019-11-14,1.9,8.6,,3.2,19.1,10.2,14.03,.1
105,°­¸ª,2019-11-15,4,11.5,.5,3.1,61.1,10.2,2.05,6.6
105,°­¸ª,2019-11-16,7.1,16.9,,2.1,55.3,10.1,12.1,1
105,°­¸ª,2019-11-17,8.7,14.6,5,1.9,65.1,10.1,3.81,8.5
105,°­¸ª,2019-11-18,2.8,15.7,8.5,4.8,43.4,10.1,9.13,5.6
105,°­¸ª,2019-11-19,.7,6.7,,3.7,33.3,10.1,13.02,.4
105,°­¸ª,2019-11-20,.6,9.8,,2.5,32.5,10,12.78,.4
105,°­¸ª,2019-11-21,2.6,12.8,,2.2,40.6,10,9.42,5.5
105,°­¸ª,2019-11-22,5.9,16.7,,1.6,46.5,10,11.08,3
105,°­¸ª,2019-11-23,6.7,19.5,,1.5,59.3,10,9.67,4.4
105,°­¸ª,2019-11-24,10.6,23.8,.2,1.9,53.5,9.9,10.68,6.3
105,°­¸ª,2019-11-25,4.6,13.8,30.5,1.7,86.9,9.9,1.81,7.9
105,°­¸ª,2019-11-26,3.1,13.4,,2.1,70.4,9.9,11.6,1.3
105,°­¸ª,2019-11-27,5.1,12.1,17,2.6,61.4,9.8,9.14,7.8
105,°­¸ª,2019-11-28,2.4,5.2,28,1.2,90.1,9.8,3.6,7.6
105,°­¸ª,2019-11-29,1.7,8.5,0,2.6,68.1,9.8,6.39,3.4
105,°­¸ª,2019-11-30,2.7,14.4,,2.3,53.5,9.8,7.82,6.6
105,°­¸ª,2019-12-01,7.5,9.7,.1,1.9,58.5,9.8,1.39,10
105,°­¸ª,2019-12-02,-.8,8.3,,3.3,38.4,9.8,11.09,2.4
105,°­¸ª,2019-12-03,-2.7,7,,1.7,45.4,9.7,11.22,2.5
105,°­¸ª,2019-12-04,-1.2,8.8,,1.9,46.3,9.7,10.92,1.5
105,°­¸ª,2019-12-05,-3.8,5.4,,2.6,25.4,9.7,11.57,.4
105,°­¸ª,2019-12-06,-4.2,6.2,,3.3,23.1,9.7,11.56,.3
105,°­¸ª,2019-12-07,-.5,7.7,,3.4,46.4,9.7,10.83,.3
105,°­¸ª,2019-12-08,.3,12.4,,2.7,34,9.6,10.98,1.5
105,°­¸ª,2019-12-09,4.4,12.8,,3,44.1,9.6,9.58,4.9
105,°­¸ª,2019-12-10,5.9,13.7,,2.6,60,9.6,6.85,4.9
105,°­¸ª,2019-12-11,2.6,15.3,,3,50.3,9.6,6.71,3.8
105,°­¸ª,2019-12-12,.1,7.7,,3.1,29.8,9.6,10.93,.1
105,°­¸ª,2019-12-13,1.1,9.5,,3.6,40.1,9.6,4.98,5.5
105,°­¸ª,2019-12-14,3.1,11.3,0,2.3,57.8,9.6,9.7,4.1
105,°­¸ª,2019-12-15,2,13.9,,2.6,54.4,9.6,9.87,4.5
105,°­¸ª,2019-12-16,3.1,16.5,,1.8,55.9,9.6,9.62,2.3
105,°­¸ª,2019-12-17,8.4,15.5,,2.9,58.9,9.6,3.58,8.5
105,°­¸ª,2019-12-18,5.2,11.4,5,1.5,78.9,9.6,2.93,8.1
105,°­¸ª,2019-12-19,1.9,9.8,,2.8,37.1,9.6,9.77,3.1
105,°­¸ª,2019-12-20,-1.8,7.1,,2.9,39,9.6,10.51,1
105,°­¸ª,2019-12-21,-.4,7.2,,3.8,46.4,9.6,6.18,4
105,°­¸ª,2019-12-22,2.8,9.9,,2.2,56,9.6,6.64,6
105,°­¸ª,2019-12-23,3.1,10,,2.4,62.4,9.6,5.44,6.6
105,°­¸ª,2019-12-24,1.3,9.6,,2.5,59,9.6,9.8,1
105,°­¸ª,2019-12-25,1.7,12.3,,2.5,32,9.6,9.08,4.6
105,°­¸ª,2019-12-26,3.1,8,0,2.8,52.4,9.6,3.38,7.5
105,°­¸ª,2019-12-27,0,7.5,,3.1,38.8,9.6,10.61,.3
105,°­¸ª,2019-12-28,-.4,8.7,,2,45.4,9.6,9.68,2.3
105,°­¸ª,2019-12-29,3.1,10.3,,2,48.1,9.6,4.81,7.5
105,°­¸ª,2019-12-30,1.8,14,0,3.3,57.9,9.6,6.48,3.6
105,°­¸ª,2019-12-31,-5.6,1.8,,4,29.3,9.6,10.91,1.1
105,°­¸ª,2020-01-01,-3,6.4,,4.6,42.5,9.6,10.86,0
105,°­¸ª,2020-01-02,.6,7.7,,4.6,46.4,9.6,10.05,.6
105,°­¸ª,2020-01-03,2.9,11.4,,3.5,33.6,9.6,9.93,.6
105,°­¸ª,2020-01-04,2.5,10.1,,3.5,32.8,9.6,10.64,.6
105,°­¸ª,2020-01-05,.7,10.6,,2.5,43.9,9.7,10.51,1.9
105,°­¸ª,2020-01-06,2.2,9.3,.1,1.9,50.8,9.7,2.57,8.9
105,°­¸ª,2020-01-07,5.1,7.9,50,1.3,94.6,9.7,1.11,10
105,°­¸ª,2020-01-08,4.7,11,9.1,3.4,76,9.7,3.7,6
105,°­¸ª,2020-01-09,2.1,6.9,,3.8,50.6,9.7,10.59,1.8
105,°­¸ª,2020-01-10,.8,10.7,,2.8,44,9.7,10.52,2.6
105,°­¸ª,2020-01-11,1.7,8.6,,2.7,42.6,9.7,10.87,2.4
105,°­¸ª,2020-01-12,1,8.5,,3.4,43.1,9.8,10.45,5.4
105,°­¸ª,2020-01-13,-.7,4.4,,4.3,37.4,9.8,11.5,1.4
105,°­¸ª,2020-01-14,-2.1,5.9,,2.5,35,9.8,11.19,.9
105,°­¸ª,2020-01-15,-1,7,,3.2,33.3,9.8,11.83,.1
105,°­¸ª,2020-01-16,-1.5,7.1,,2.4,36.1,9.9,10.92,3.6
105,°­¸ª,2020-01-17,.3,6.2,2.9,2.6,64.5,9.9,3.03,7.4
105,°­¸ª,2020-01-18,1.8,7.9,3.7,1.6,75.5,9.9,7.44,6.6
105,°­¸ª,2020-01-19,2.7,6.1,,3.6,45.8,9.9,7.68,5
105,°­¸ª,2020-01-20,1.1,7.5,,3.1,38.8,10,11.71,1
105,°­¸ª,2020-01-21,-1.9,7.8,,2.3,42,10,12.35,2.3
105,°­¸ª,2020-01-22,4.7,9.8,,2.7,31.9,10,3.45,9.3
105,°­¸ª,2020-01-23,3.4,12.5,,2,54.5,10,10.95,4.9
105,°­¸ª,2020-01-24,2.5,7.2,7,1.4,76.4,10.1,2.51,7.8
105,°­¸ª,2020-01-25,2.1,10.1,,1.4,82.3,10.1,7.71,7.6
105,°­¸ª,2020-01-26,3.5,6.4,7.2,1.4,80.6,10.1,2.69,8.4
105,°­¸ª,2020-01-27,5.8,7.3,3.2,2.4,69.6,10.1,1.62,9.9
105,°­¸ª,2020-01-28,5.4,8.2,5.8,2.9,73.3,10.2,3.6,9.5
105,°­¸ª,2020-01-29,4.6,7.9,1.1,1.8,73.9,10.2,3.34,8.9
105,°­¸ª,2020-01-30,1,5.9,17.4,1.9,86.8,10.2,1.62,9.5
105,°­¸ª,2020-01-31,.1,8.1,,1.7,79.3,10.3,11.21,4.8
105,°­¸ª,2020-02-01,.4,9.1,,2.9,52.3,10.3,12.87,0
105,°­¸ª,2020-02-02,1.4,9.8,,2.9,45.1,10.3,10.3,4
105,°­¸ª,2020-02-03,.7,6.8,,3.4,35.3,10.4,13.78,.8
105,°­¸ª,2020-02-04,-1.8,6.9,,3.4,37.6,10.4,13.79,2.9
105,°­¸ª,2020-02-05,-5.3,3.8,,3,31.9,10.4,14.87,.9
105,°­¸ª,2020-02-06,-7.1,2.1,,2.5,58.4,10.5,12.44,4.6
105,°­¸ª,2020-02-07,-3.7,7,,3.9,34.8,10.5,13.17,.8
105,°­¸ª,2020-02-08,-.3,5.6,1.6,3.4,59.6,10.5,14.56,3.8
105,°­¸ª,2020-02-09,-2.3,7.5,,3.5,46.8,10.6,15.5,3.8
105,°­¸ª,2020-02-10,.6,9.4,,2.5,48.9,10.6,14.12,.1
105,°­¸ª,2020-02-11,-.2,16.6,,1.8,43.6,10.6,14.23,2.3
105,°­¸ª,2020-02-12,5.7,11.1,4.5,1.1,65.6,10.7,2.49,8.6
105,°­¸ª,2020-02-13,6.8,16.7,,2.7,60.4,10.7,15.38,2
105,°­¸ª,2020-02-14,7.4,15.7,,2.3,59.3,10.7,13.46,6.1
105,°­¸ª,2020-02-15,6.5,14.8,0,2.1,75.9,10.8,9.42,8
105,°­¸ª,2020-02-16,-.9,6.5,5,4.2,66,10.8,11.51,7.8
105,°­¸ª,2020-02-17,-4.4,.4,,5.2,46.9,10.9,9.99,5.8
105,°­¸ª,2020-02-18,-5.2,7.3,,3.9,39.3,10.9,16.95,.4
105,°­¸ª,2020-02-19,.7,9.4,,2.5,41.6,10.9,15.91,5
105,°­¸ª,2020-02-20,3.1,12,,2,46.5,11,15.1,1.6
105,°­¸ª,2020-02-21,4,15.7,,1.6,42.8,11,8.02,8.6
105,°­¸ª,2020-02-22,2.7,8.8,0,3.6,48.9,11.1,14.56,1.5
105,°­¸ª,2020-02-23,.9,12.3,,3.8,32.8,11.1,17.59,.1
105,°­¸ª,2020-02-24,6.6,15.8,,3.5,27.5,11.1,14.26,5.8
105,°­¸ª,2020-02-25,3.1,11.9,43.5,1.8,82.5,11.2,1.12,9.4
105,°­¸ª,2020-02-26,1.6,5.9,22.1,1.5,93.6,11.2,2.03,9.8
105,°­¸ª,2020-02-27,1.1,8.7,.8,1.6,81.1,11.3,12.68,5.4
105,°­¸ª,2020-02-28,-.1,10,0,2.2,66.4,11.3,5.15,8.4
105,°­¸ª,2020-02-29,4.2,10,,2,67.4,11.3,9.71,5.4
105,°­¸ª,2020-03-01,2.4,13.4,0,2,72.4,11.4,11.06,6
105,°­¸ª,2020-03-02,3.1,8.8,.5,3,61.8,11.4,14.62,5.8
105,°­¸ª,2020-03-03,1.2,11.1,0,2.2,71.3,11.5,14.61,7.3
105,°­¸ª,2020-03-04,1.7,9.4,0,4,39.1,11.5,15.31,3.3
105,°­¸ª,2020-03-05,-.3,8.3,,2.4,47.6,11.5,18.68,.4
105,°­¸ª,2020-03-06,.9,11.4,,2.3,36.1,11.6,17.94,2.4
105,°­¸ª,2020-03-07,2,12.5,,1.6,59.9,11.6,13.12,6.6
105,°­¸ª,2020-03-08,2.4,14.3,,2,66.3,11.7,18.78,0
105,°­¸ª,2020-03-09,2.8,16.2,,1.1,70.4,11.7,14.45,5.9
105,°­¸ª,2020-03-10,6,10.6,17.3,1.7,93,11.7,2.7,9.5
105,°­¸ª,2020-03-11,3.1,10.8,,3.3,39.9,11.8,20.82,.3
105,°­¸ª,2020-03-12,5.4,16.4,,3.6,26.3,11.8,19.7,0
105,°­¸ª,2020-03-13,1.5,14.2,,2.9,48.6,11.9,14.86,4.4
105,°­¸ª,2020-03-14,.7,12.6,,2.8,34.4,11.9,21.19,2.1
105,°­¸ª,2020-03-15,.6,10.4,6.9,3.1,60.5,11.9,15.12,7.3
105,°­¸ª,2020-03-16,.2,10.8,5.3,3.1,54.4,12,21.01,3.1
105,°­¸ª,2020-03-17,4.8,11.6,.1,4.4,57.3,12,17.75,1.3
105,°­¸ª,2020-03-18,5.6,19.1,,3.1,33,12.1,21.52,.6
105,°­¸ª,2020-03-19,6.5,18.6,.3,5.2,40.6,12.1,16.12,3.5
105,°­¸ª,2020-03-20,5.7,16.7,,4.5,29.1,12.1,20.63,1.6
105,°­¸ª,2020-03-21,10.8,21,4.9,3.6,55.1,12.2,19.71,4.8
105,°­¸ª,2020-03-22,5.7,13.1,,2.5,60.5,12.2,20.66,2.4
105,°­¸ª,2020-03-23,4.5,14.2,,2.2,50.6,12.3,19.96,1.5
105,°­¸ª,2020-03-24,3.3,14.2,,1.9,61.1,12.3,20.76,1.1
105,°­¸ª,2020-03-25,2.7,17.7,,1.4,69.1,12.3,17.23,3.9
105,°­¸ª,2020-03-26,9.7,21.7,,1.9,51.1,12.4,16.58,5
105,°­¸ª,2020-03-27,6.2,17.7,11.6,1.7,91.8,12.4,1.77,9.6
105,°­¸ª,2020-03-28,3.2,9.1,,2.6,56.8,12.5,19.57,6.4
105,°­¸ª,2020-03-29,2.6,11.1,.2,2.3,66.1,12.5,11.93,6.5
105,°­¸ª,2020-03-30,2.7,15.8,,1.8,65.3,12.6,21.91,.6
105,°­¸ª,2020-03-31,5.2,18.7,,1.6,58.4,12.6,20.02,4.4
105,°­¸ª,2020-04-01,4.7,13.4,5.2,2.5,70.1,12.6,4.09,8.6
105,°­¸ª,2020-04-02,4,18.6,,3,42.6,12.7,23.08,1.3
105,°­¸ª,2020-04-03,10.6,20.4,,3.1,20.5,12.7,23.81,.3
105,°­¸ª,2020-04-04,4,13,,3.9,40.3,12.8,11.91,3.9
105,°­¸ª,2020-04-05,1.4,12.2,,2.1,39.4,12.8,24.41,.1
105,°­¸ª,2020-04-06,5.8,15.2,,2.6,38,12.8,23.88,2.6
105,°­¸ª,2020-04-07,9.3,18.9,,2.5,47.4,12.9,17.04,4.4
105,°­¸ª,2020-04-08,4.3,11,4.1,2.5,62.9,12.9,16.57,3.1
105,°­¸ª,2020-04-09,3.1,12.3,,2.3,53.6,13,18.77,3.6
105,°­¸ª,2020-04-10,3.9,13.7,,2.2,60.4,13,22.08,4.3
105,°­¸ª,2020-04-11,5.1,15.9,,2.3,51,13,18.89,4.4
105,°­¸ª,2020-04-12,6.5,10,15.8,2.2,77.5,13.1,4.12,7
105,°­¸ª,2020-04-13,5,13.8,,3.3,50.4,13.1,23.41,4.1
105,°­¸ª,2020-04-14,8.5,24,,2.8,23.4,13.1,25.13,.5
105,°­¸ª,2020-04-15,9.1,21.1,,3.1,53.9,13.2,22.01,4
105,°­¸ª,2020-04-16,7.3,14.6,,2.1,70.6,13.2,20.48,6
105,°­¸ª,2020-04-17,7.7,17.3,1.4,1.9,72.6,13.3,9,7.9
105,°­¸ª,2020-04-18,8.5,13.7,1.3,2.8,79.1,13.3,10.69,4.4
105,°­¸ª,2020-04-19,7.3,13.4,23.3,1.8,82.8,13.3,6.78,9.1
105,°­¸ª,2020-04-20,8.3,16.6,8.7,2.7,65.4,13.4,17.69,6.4
105,°­¸ª,2020-04-21,5.4,13.6,,3.9,38,13.4,23.52,5.3
105,°­¸ª,2020-04-22,5,12,,3.6,37.9,13.5,26.65,1
105,°­¸ª,2020-04-23,4.9,15.3,,3,41,13.5,26.3,3
105,°­¸ª,2020-04-24,6.1,17.8,,3.9,32,13.5,23.7,4.3
105,°­¸ª,2020-04-25,12.8,22.3,0,3.6,38.8,13.6,19.77,3
105,°­¸ª,2020-04-26,7.8,14,5,1.7,72.5,13.6,13.99,6.4
105,°­¸ª,2020-04-27,6.7,14.6,.8,2.5,63.9,13.6,17.02,4.5
105,°­¸ª,2020-04-28,8.7,22.1,,3.7,34.5,13.7,26.05,1.4
105,°­¸ª,2020-04-29,15.6,24.3,,3.2,33.8,13.7,24.55,2.3
105,°­¸ª,2020-04-30,15.8,26.8,,4.1,32.9,13.7,24.98,4.6
105,°­¸ª,2020-05-01,20.1,32.5,,4.1,42.1,13.8,25.68,1.4
105,°­¸ª,2020-05-02,22.8,27.9,,4.4,52.8,13.8,21.14,5.9
105,°­¸ª,2020-05-03,19.1,26.9,0,1.9,60.1,13.8,16.78,7.5
105,°­¸ª,2020-05-04,12.5,27.1,.3,1.8,79.5,13.9,14.4,6.5
105,°­¸ª,2020-05-05,12.5,18.9,,1.2,76.9,13.9,13.58,6.4
105,°­¸ª,2020-05-06,11.6,20.6,,1.8,75.6,14,27.42,1.4
105,°­¸ª,2020-05-07,9.3,20.7,,2,59,14,21.58,6.9
105,°­¸ª,2020-05-08,9.7,22.3,.9,1.5,66.8,14,25.81,7.6
105,°­¸ª,2020-05-09,13.4,18.2,26.7,1.1,93.5,14,6.02,9.4
105,°­¸ª,2020-05-10,15.4,22.8,,3.6,62,14.1,20.84,4.1
105,°­¸ª,2020-05-11,17.1,25.8,,4,36.8,14.1,27.76,4.4
105,°­¸ª,2020-05-12,15,22.8,,3.8,46.6,14.1,26.44,3.9
105,°­¸ª,2020-05-13,13.6,25.9,,3.8,30.5,14.2,28.93,.8
105,°­¸ª,2020-05-14,19.5,29.3,,3.1,22.9,14.2,22.47,8.1
105,°­¸ª,2020-05-15,14.8,22.5,10,1.9,72.3,14.2,4.19,9.4
105,°­¸ª,2020-05-16,14.2,17.8,,1.4,88.4,14.3,7.07,8.8
105,°­¸ª,2020-05-17,15.3,24.9,,1.6,82.6,14.3,23.19,4.3
105,°­¸ª,2020-05-18,14.7,18.1,22.1,2.2,96.4,14.3,6.36,8.9
105,°­¸ª,2020-05-19,9.2,16.7,26,3.4,84.9,14.3,6.52,9.3
105,°­¸ª,2020-05-20,8.6,14.2,5,2.7,81.4,14.4,10.58,7.8
105,°­¸ª,2020-05-21,8.3,16.6,,1.9,72.9,14.4,24.54,6
105,°­¸ª,2020-05-22,12.4,17.2,4.1,1.8,81.1,14.4,10.85,9.1
105,°­¸ª,2020-05-23,12.7,20.9,0,1.5,81.6,14.4,25.62,7.9
105,°­¸ª,2020-05-24,14.6,24.8,.4,1.7,70.5,14.5,17.51,4.8
105,°­¸ª,2020-05-25,18.3,25.2,,2.2,55.8,14.5,20.2,7.3
105,°­¸ª,2020-05-26,15,26.3,0,2.2,61,14.5,22.3,8.8
105,°­¸ª,2020-05-27,15,24.5,,2.2,45.1,14.5,29.77,.4
105,°­¸ª,2020-05-28,15.6,24,,2.1,56.9,14.5,23.34,5.6
105,°­¸ª,2020-05-29,14.3,24.5,,1.8,58.4,14.6,29.63,.1
105,°­¸ª,2020-05-30,13.1,27.5,,1.4,52.3,14.6,30.46,0
105,°­¸ª,2020-05-31,14.8,22.9,,1.4,68.6,14.6,27.59,4.3
105,°­¸ª,2020-06-01,21.1,28,,4.1,44.6,14.6,29.54,3.6
105,°­¸ª,2020-06-02,16.3,26.8,,2.4,44,14.6,14.31,7.8
105,°­¸ª,2020-06-03,16.2,28.7,,2.6,54.8,14.6,27.94,2.5
105,°­¸ª,2020-06-04,22.8,32.6,,3.8,47.5,14.7,27.44,.3
105,°­¸ª,2020-06-05,17.1,25.7,,1.8,78,14.7,13.52,3.3
105,°­¸ª,2020-06-06,15.2,24.5,,1.7,75.8,14.7,26.61,4.3
105,°­¸ª,2020-06-07,16.6,28.7,,1.3,67.3,14.7,27.45,2.6
105,°­¸ª,2020-06-08,20.7,33.1,,2.2,52.8,14.7,27.5,1.9
105,°­¸ª,2020-06-09,25.7,34.5,,2.1,53.6,14.7,26.47,3.6
105,°­¸ª,2020-06-10,22.7,32.5,3.4,1.7,64.1,14.7,21.85,7.9
105,°­¸ª,2020-06-11,22.2,31,.6,1.7,66.1,14.8,28.27,5.4
105,°­¸ª,2020-06-12,21.2,26.2,,1.2,76.6,14.8,15.2,8.6
105,°­¸ª,2020-06-13,22.2,31.2,,1.8,55.8,14.8,28.29,5.8
105,°­¸ª,2020-06-14,23.4,32.6,,3,55.6,14.8,18.83,5
105,°­¸ª,2020-06-15,23.4,32.2,,3.7,41.6,14.8,26.38,4.8
105,°­¸ª,2020-06-16,21.1,29.2,,2.3,48.5,14.8,28.42,2.9
105,°­¸ª,2020-06-17,20.6,31.4,,2.1,51.6,14.8,27.68,4.4
105,°­¸ª,2020-06-18,19.4,27.7,,2.9,71.4,14.8,12.47,9.5
105,°­¸ª,2020-06-19,18.5,20.4,.3,2.3,90.5,14.8,5.24,8.4
105,°­¸ª,2020-06-20,16.9,26.8,,1.3,77,14.8,26.16,5.5
105,°­¸ª,2020-06-21,19.6,28.3,,1.4,76.1,14.8,22.17,3.3
105,°­¸ª,2020-06-22,20.1,33.2,,1.5,59.1,14.8,28.44,1.8
105,°­¸ª,2020-06-23,19.8,26,,1.7,76.4,14.8,22.47,8
105,°­¸ª,2020-06-24,19.9,22.8,13.8,1.7,88.8,14.8,5.07,9.9
105,°­¸ª,2020-06-25,19.6,22.4,,1.3,90.4,14.8,6.39,9.3
105,°­¸ª,2020-06-26,19.4,27.8,,3.3,65.8,14.8,22.8,6.5
105,°­¸ª,2020-06-27,23,30.6,.1,1.7,61.4,14.8,16.75,6.6
105,°­¸ª,2020-06-28,20.4,25.9,,1.7,78.5,14.8,25.41,4.1
105,°­¸ª,2020-06-29,19.6,25.1,2.2,1.8,85.4,14.8,9.26,8.6
105,°­¸ª,2020-06-30,16.8,21.1,250,3.9,97.8,14.8,2.41,9.9
105,°­¸ª,2020-07-01,16.8,24.4,6.7,2.3,83.8,14.8,13.65,7.6
105,°­¸ª,2020-07-02,18.2,29.9,,2.8,62.5,14.7,29.31,1.9
105,°­¸ª,2020-07-03,19.6,26.1,,1.8,77.1,14.7,21.24,7.8
105,°­¸ª,2020-07-04,18,26.7,.5,1.4,73.3,14.7,26.75,6.4
105,°­¸ª,2020-07-05,19.5,29.6,,2.2,61,14.7,25.5,4.4
105,°­¸ª,2020-07-06,21.7,28.5,,1.4,74.3,14.7,24.07,5.3
105,°­¸ª,2020-07-07,20.6,28.8,,1.4,76.3,14.7,22.54,5.5
105,°­¸ª,2020-07-08,21.9,27.3,.4,2.2,76.1,14.7,23.55,5
105,°­¸ª,2020-07-09,21.6,25.5,,1.4,85.6,14.6,9.21,6
105,°­¸ª,2020-07-10,21,24.3,22.5,1.4,94.5,14.6,5.07,9.6
105,°­¸ª,2020-07-11,18.6,21.6,8.2,2.4,92.4,14.6,5.1,
105,°­¸ª,2020-07-12,16.9,22.9,.7,1.2,85,14.6,14.01,
105,°­¸ª,2020-07-13,17.8,19.5,49,1.3,96.4,14.6,3.73,7.3
105,°­¸ª,2020-07-14,17,19.7,42.2,2.6,95.5,14.6,6.54,9.1
105,°­¸ª,2020-07-15,16.5,22.7,0,1.3,83.9,14.5,12.29,6.4
105,°­¸ª,2020-07-16,14.8,27,,1.3,76.3,14.5,28.54,2.1
105,°­¸ª,2020-07-17,16.8,27.4,,1.4,76.4,14.5,28.39,.9
105,°­¸ª,2020-07-18,18.2,25.5,,1.4,80.3,14.5,21.52,5.5
105,°­¸ª,2020-07-19,19.2,25.6,0,1.1,82.6,14.4,12.5,8.6
105,°­¸ª,2020-07-20,22.7,30.5,0,2.5,67.5,14.4,6.75,9
105,°­¸ª,2020-07-21,23.8,30.5,,2.4,64.1,14.4,26.8,6.1
105,°­¸ª,2020-07-22,22,28.1,,1.1,78.5,14.4,13.51,9.4
105,°­¸ª,2020-07-23,19.8,24.1,30.1,1.3,91.9,14.3,5.89,10
105,°­¸ª,2020-07-24,18.3,22,121.8,2.5,98.8,14.3,3.31,8.3
105,°­¸ª,2020-07-25,20.2,21.4,54.5,1.8,99.8,14.3,3.18,8.8
105,°­¸ª,2020-07-26,19.6,24.4,4.8,1.6,92.4,14.3,12.58,7.5
105,°­¸ª,2020-07-27,20.3,21.9,1.5,.9,96.4,14.2,3.58,10
105,°­¸ª,2020-07-28,20.3,22.3,3.9,.7,96.4,14.2,4.63,9.6
105,°­¸ª,2020-07-29,20.6,23.5,19.4,.7,94.6,14.2,5.57,9.1
105,°­¸ª,2020-07-30,21.2,26.1,9.7,.9,90.4,14.2,9.27,7.7
105,°­¸ª,2020-07-31,24.4,33.4,,2.3,60,14.1,24.89,4.3
105,°­¸ª,2020-08-01,24.4,30.5,.8,2,74.6,14.1,9.24,9.1
105,°­¸ª,2020-08-02,23.7,33,3.9,1.6,76,14.1,18.35,8.4
105,°­¸ª,2020-08-03,24.1,29.3,10.3,3.6,70.9,14,1.96,10
105,°­¸ª,2020-08-04,23.9,28.8,4.7,1.5,83.5,14,6.04,9.9
105,°­¸ª,2020-08-05,21.8,24.5,7.9,.9,94.9,14,2.73,10
105,°­¸ª,2020-08-06,22.1,28.3,5.8,1.6,88.5,13.9,4.21,9.3
105,°­¸ª,2020-08-07,22.2,28.7,.3,1.5,76.5,13.9,6.84,9
105,°­¸ª,2020-08-08,21.4,22.5,8.4,.6,93.8,13.9,3.7,8.5
105,°­¸ª,2020-08-09,21.1,26.2,1.7,.8,92.8,13.8,3.52,9.3
105,°­¸ª,2020-08-10,22.7,29.4,9.5,1.2,91.5,13.8,7.4,9.1
105,°­¸ª,2020-08-11,22.1,30.9,17.5,1.8,82.8,13.8,8.42,6.5
105,°­¸ª,2020-08-12,25.2,34,,1.8,63.6,13.7,21.54,7
105,°­¸ª,2020-08-13,28.7,34.8,,2,63.4,13.7,21.92,7.5
105,°­¸ª,2020-08-14,29.4,33.9,.9,3.3,61.1,13.7,14.83,8.2
105,°­¸ª,2020-08-15,25.4,30.7,37.9,2.4,78.3,13.6,2.68,9.4
105,°­¸ª,2020-08-16,27.2,33.2,,2.8,63.3,13.6,12.91,8.3
105,°­¸ª,2020-08-17,27.7,34.8,,2.4,63.5,13.6,24.29,5.4
105,°­¸ª,2020-08-18,26.7,35.7,,2.2,60,13.5,25.1,2
105,°­¸ª,2020-08-19,27.4,36,,2.6,51.3,13.5,25.34,.4
105,°­¸ª,2020-08-20,22.8,30.7,3.7,2.2,75.5,13.5,18.59,4.9
105,°­¸ª,2020-08-21,21.3,25,.7,1.7,90.6,13.4,6.07,8.1
105,°­¸ª,2020-08-22,21.6,24.4,11.3,1,91.6,13.4,4.3,9.4
105,°­¸ª,2020-08-23,20.2,29.7,2.1,1.4,79.5,13.3,18.03,4.6
105,°­¸ª,2020-08-24,21.7,32.2,,1.7,73.6,13.3,21.25,5.5
105,°­¸ª,2020-08-25,24.4,36.5,,2.1,66.8,13.3,24.3,4.1
105,°­¸ª,2020-08-26,24.6,28.2,.1,1.3,86.3,13.2,8.26,7
105,°­¸ª,2020-08-27,26,35.6,0,2.5,71,13.2,18.01,7.5
105,°­¸ª,2020-08-28,26.3,35.1,.4,1.6,75.3,13.2,20.25,8.1
105,°­¸ª,2020-08-29,26,33.6,.2,1.6,75,13.1,20.85,6.9
105,°­¸ª,2020-08-30,22.9,26.5,21.9,1.8,93.4,13.1,3.86,7.1
105,°­¸ª,2020-08-31,21.8,24.3,.4,1.3,86.8,13,3.95,5.5
105,°­¸ª,2020-09-01,20.3,29.7,.2,1.6,81.6,13,21.31,5.4
105,°­¸ª,2020-09-02,22.9,24.9,154.4,1.3,96,13,1.78,10
105,°­¸ª,2020-09-03,23.8,28.5,77,4.3,65.3,12.9,15.32,6.9
105,°­¸ª,2020-09-04,20.4,29.7,,2.8,52.6,12.9,23.75,2
105,°­¸ª,2020-09-05,19.6,24.1,0,1.7,72.6,12.8,5.5,9.1
105,°­¸ª,2020-09-06,16.7,21.5,31.7,1.8,86.4,12.8,3.41,10
105,°­¸ª,2020-09-07,16,26.9,236.2,3.7,80.8,12.8,4.63,8.4
105,°­¸ª,2020-09-08,21.9,27.9,,3.9,51.6,12.7,16.67,5.3
105,°­¸ª,2020-09-09,18.9,27.9,6.5,2,66.5,12.7,14.88,8.4
105,°­¸ª,2020-09-10,18.7,28.5,,2.2,66,12.6,18.99,4.6
105,°­¸ª,2020-09-11,19,23.6,.2,1.8,82.1,12.6,7.23,9.4
105,°­¸ª,2020-09-12,16.4,20.4,52.5,2.6,94.4,12.6,3.27,8.3
105,°­¸ª,2020-09-13,15.7,20.4,11.1,1.9,90.1,12.5,12.08,4.9
105,°­¸ª,2020-09-14,15,27.1,,1.4,75.6,12.5,17.64,3.8
105,°­¸ª,2020-09-15,18.2,25.7,,1.9,78.1,12.5,19.49,5.9
105,°­¸ª,2020-09-16,19.2,28.1,.2,1.3,78,12.4,12.36,8.1
105,°­¸ª,2020-09-17,20,23.4,,1.9,65.4,12.4,2.36,9.9
105,°­¸ª,2020-09-18,18.7,26.8,,2.1,52,12.3,17.54,6.1
105,°­¸ª,2020-09-19,16.1,26.8,,2.2,58.8,12.3,20.46,.5
105,°­¸ª,2020-09-20,14.6,23.8,,2.2,59.3,12.2,21.05,.1
105,°­¸ª,2020-09-21,13.7,22.1,,2.7,67.5,12.2,18.16,4.1
105,°­¸ª,2020-09-22,13.8,21.6,,2.1,75.8,12.2,11.35,3.3
105,°­¸ª,2020-09-23,13.5,20.3,2.7,1.8,82.9,12.1,7.69,8.3
105,°­¸ª,2020-09-24,16.2,21,20.4,2.4,86.4,12.1,8.6,7.5
105,°­¸ª,2020-09-25,17.2,20.4,8.7,3.3,85.5,12,7.7,7.6
105,°­¸ª,2020-09-26,16.6,19.9,5.2,2.8,85.8,12,8.43,7.5
105,°­¸ª,2020-09-27,13.7,21.5,1.7,1.6,79.1,12,18.91,2.5
105,°­¸ª,2020-09-28,11.5,24.7,,1.3,74,11.9,20.04,.9
105,°­¸ª,2020-09-29,13.6,25.1,,1.9,66.5,11.9,16.77,5.3
105,°­¸ª,2020-09-30,15.1,22.3,5.1,2.1,79.5,11.8,13.48,7.8
105,°­¸ª,2020-10-01,15,19.9,.5,1.3,84.1,11.8,7.77,9
105,°­¸ª,2020-10-02,15.5,26.6,,2.1,65,11.8,14.6,8
105,°­¸ª,2020-10-03,17.4,24,.1,1.5,76.9,11.7,8.62,9.1
105,°­¸ª,2020-10-04,14.2,24,,2.4,51.9,11.7,11.56,8.4
105,°­¸ª,2020-10-05,10.7,20.7,,3,43.5,11.6,19.54,2.5
105,°­¸ª,2020-10-06,9.7,18.3,,2.7,59.3,11.6,19.14,1.6
105,°­¸ª,2020-10-07,10.5,18.5,,2.1,71.4,11.6,8.38,6.9
105,°­¸ª,2020-10-08,11.1,20.7,,1.7,69.6,11.5,18.03,1.4
105,°­¸ª,2020-10-09,10.8,21,,1.8,71.3,11.5,13.35,6.1
105,°­¸ª,2020-10-10,13.4,18.4,,2.1,70.5,11.4,8.52,8.3
105,°­¸ª,2020-10-11,11.6,19.7,,1.7,75.8,11.4,11.96,6.6
105,°­¸ª,2020-10-12,13.3,22.8,,1.5,71,11.4,12.02,5
105,°­¸ª,2020-10-13,12.4,18.1,,2.4,70.8,11.3,11.61,3.6
105,°­¸ª,2020-10-14,10.7,19.2,,2.1,61.3,11.3,11.09,6.8
105,°­¸ª,2020-10-15,9.1,17.8,,2.1,59,11.2,14.09,5.6
105,°­¸ª,2020-10-16,9.3,18.8,,2.3,57.5,11.2,9.63,6.5
105,°­¸ª,2020-10-17,9.1,17.6,,1.9,62.8,11.2,16.62,1.3
105,°­¸ª,2020-10-18,9.8,22,,2.3,48.1,11.1,16.79,0
105,°­¸ª,2020-10-19,10.7,20.4,,2.3,64,11.1,15.26,0
105,°­¸ª,2020-10-20,10.5,21.8,,2.5,62.5,11,16.06,0
105,°­¸ª,2020-10-21,9.7,19.6,,2,54.3,11,6.65,7.9
105,°­¸ª,2020-10-22,12.7,21.6,,2.8,51.5,11,9.99,4
105,°­¸ª,2020-10-23,8.3,16.7,,2.6,44.9,10.9,16.12,.4
105,°­¸ª,2020-10-24,6.4,16.8,,3.1,31.5,10.9,16.45,.1
105,°­¸ª,2020-10-25,11.6,22.6,,3.1,31,10.9,15.27,2.9
105,°­¸ª,2020-10-26,10.2,20.6,,2.3,49.4,10.8,15.09,2.1
105,°­¸ª,2020-10-27,10.2,21.8,,2.1,56.4,10.8,13.2,1.3
105,°­¸ª,2020-10-28,9.4,21,,2.7,56,10.7,13.56,3.4
105,°­¸ª,2020-10-29,7,15.8,,2.8,50.5,10.7,14.72,1.4
105,°­¸ª,2020-10-30,6.6,16.9,,2,65.5,10.7,9.58,4.8
105,°­¸ª,2020-10-31,7.2,19.5,,2.2,55.9,10.6,11.92,6
105,°­¸ª,2020-11-01,12.5,17.6,,3.3,57.4,10.6,4.98,9.4
105,°­¸ª,2020-11-02,8.8,17.7,,2,40.8,10.6,13.77,2.9
105,°­¸ª,2020-11-03,4.6,10.9,,3.5,31.6,10.5,15,.5
105,°­¸ª,2020-11-04,2.9,13.6,,3.1,26.9,10.5,14.55,.1
