지점,지점명,일시,최저기온(°C),최고기온(°C),일강수량(mm),평균 풍속(m/s),평균 상대습도(%),가조시간(hr),합계 일사량(MJ/m2),평균 전운량(1/10)
168,여수,2017-01-01,2.7,11,,1.9,63.1,9.9,7.66,.3
168,여수,2017-01-02,5.4,13.7,0,3.3,57,9.9,6.81,4.5
168,여수,2017-01-03,4.1,11.2,,3.4,44.9,9.9,8.47,0
168,여수,2017-01-04,5,11.6,,2.1,45,9.9,6.91,2.4
168,여수,2017-01-05,6,9.9,0,5.9,52.8,9.9,3.13,8.6
168,여수,2017-01-06,6.4,10.4,0,5.6,54.6,9.9,8.17,3.9
168,여수,2017-01-07,5.2,9.4,1.4,5.1,59,10,3.02,7.5
168,여수,2017-01-08,7,12.9,3.4,5.3,62.3,10,5.82,7.5
168,여수,2017-01-09,2.6,8.9,,6.8,48.5,10,5.51,4.8
168,여수,2017-01-10,.4,6.6,,7.3,44.1,10,8.81,.8
168,여수,2017-01-11,-2.7,4.1,,6.1,34.1,10,9.95,2
168,여수,2017-01-12,.7,7.4,,4.7,50.5,10,4.75,4
168,여수,2017-01-13,-1.4,6,0,5,50.5,10.1,6.21,2.8
168,여수,2017-01-14,-4.7,.8,,8.8,41.1,10.1,9.62,.1
168,여수,2017-01-15,-6.8,3.6,,6.7,28.5,10.1,10.91,0
168,여수,2017-01-16,-2,6.2,,4,29.6,10.1,10.12,.9
168,여수,2017-01-17,.1,7.4,,2.5,35.6,10.1,6.62,4.1
168,여수,2017-01-18,1.6,7.4,,3,39.9,10.2,6.95,3.8
168,여수,2017-01-19,1.8,8.4,,3.8,43.5,10.2,7.54,2.3
168,여수,2017-01-20,-2,2.8,.1,7.5,56.8,10.2,6.95,4.8
168,여수,2017-01-21,-2.6,4.4,0,5.3,51.9,10.2,7.46,2.8
168,여수,2017-01-22,-3.4,1.5,0,6.8,50.3,10.2,6.4,4.8
168,여수,2017-01-23,-5.4,.9,,7.5,42.4,10.3,10.07,0
168,여수,2017-01-24,-3.9,3,,6.6,42.6,10.3,10.51,0
168,여수,2017-01-25,-3.6,5.3,,4.4,43.6,10.3,10.13,0
168,여수,2017-01-26,-3.2,6.9,,2.9,43.1,10.3,9.97,.5
168,여수,2017-01-27,1.1,8.3,0,5.6,39.9,10.4,10.29,3.8
168,여수,2017-01-28,-1.3,10.6,,1.8,42.3,10.4,10.42,2.4
168,여수,2017-01-29,5.1,8.2,6.3,3.4,78,10.4,1.98,10
168,여수,2017-01-30,-2.4,8.1,.3,8.1,47,10.5,10,2.9
168,여수,2017-01-31,-3.7,6.5,,2.7,37.3,10.5,10.34,1.5
168,여수,2017-02-01,-.4,6.3,,7.1,31.3,10.5,10.09,2.3
168,여수,2017-02-02,-2,8.3,,8,21.4,10.5,12.64,0
168,여수,2017-02-03,0,9.5,,2.7,41.8,10.6,8.91,3.8
168,여수,2017-02-04,5,10.1,5.6,2.1,52.3,10.6,4.39,9.1
168,여수,2017-02-05,4,10.2,3.3,5.5,71.4,10.6,5.45,6.8
168,여수,2017-02-06,.1,5.6,,7.1,40.1,10.7,11.48,.8
168,여수,2017-02-07,-.7,8.5,,3,43.1,10.7,10.06,5
168,여수,2017-02-08,1.2,6.8,0,4.1,44.8,10.7,3.64,10
168,여수,2017-02-09,-2.8,1.8,0,9,43,10.8,11.55,5
168,여수,2017-02-10,-4,.9,,8.6,43.4,10.8,12.4,1.6
168,여수,2017-02-11,-4.3,3,0,6.4,45.3,10.8,11.91,.3
168,여수,2017-02-12,-1.2,7.2,,7.1,41.4,10.9,12.96,0
168,여수,2017-02-13,-1,9.8,,4.1,43,10.9,11.04,.5
168,여수,2017-02-14,2.7,10.2,,3.9,38.6,10.9,12.87,0
168,여수,2017-02-15,-.4,9.8,,2.5,43.4,11,12.53,0
168,여수,2017-02-16,2.5,14.2,2.9,2.4,56.6,11,9.39,5.4
168,여수,2017-02-17,1.3,13.3,.2,6.7,46.1,11,11.66,4.1
168,여수,2017-02-18,-.9,6,,7.6,25,11.1,14.53,1.9
168,여수,2017-02-19,-1.7,11.5,0,3,46.5,11.1,11.74,4.3
168,여수,2017-02-20,-.7,14.1,.2,8.3,45.6,11.1,10.87,4.8
168,여수,2017-02-21,-1.4,7.9,,4,44.4,11.2,13.64,.8
168,여수,2017-02-22,4.6,8,32.9,5.7,78.3,11.2,1.22,10
168,여수,2017-02-23,-.7,6.7,,9.2,45.5,11.2,11.91,3.9
168,여수,2017-02-24,-1.7,7.4,,5.7,32.1,11.3,15.69,1.1
168,여수,2017-02-25,1,10.2,,4.4,40.9,11.3,14.03,1.6
168,여수,2017-02-26,2.9,10.9,,2.3,46.5,11.3,12.42,3
168,여수,2017-02-27,4.6,12.3,,3.1,51.9,11.4,11.68,2.6
168,여수,2017-02-28,2.6,12.4,,1.7,48.5,11.4,14.63,.6
168,여수,2017-03-01,4.9,12.9,.8,1.9,54.1,11.4,12.79,6.8
168,여수,2017-03-02,1.3,8.1,0,8.6,47.5,11.5,13.34,3.1
168,여수,2017-03-03,.6,10.6,,2.6,43.3,11.5,15.07,2.8
168,여수,2017-03-04,3.9,12.5,,1.9,52.9,11.5,15.13,2.5
168,여수,2017-03-05,4.9,13.4,,2.5,51,11.6,9.62,5.1
168,여수,2017-03-06,1.5,8.4,,7.1,29.3,11.6,16.98,2.5
168,여수,2017-03-07,-.9,6.3,,5.7,40.4,11.7,14.01,1.6
168,여수,2017-03-08,-1.1,6.4,0,5.5,43.6,11.7,10.12,2.8
168,여수,2017-03-09,2.2,12.2,,6.2,35.8,11.7,16.34,0
168,여수,2017-03-10,3.8,12.7,,4.2,32.8,11.8,16.83,.3
168,여수,2017-03-11,3.9,14.3,,2.1,35.3,11.8,15.11,1.4
168,여수,2017-03-12,5.4,15.5,,2.5,43.3,11.8,14.68,4
168,여수,2017-03-13,8.7,15.3,,2.9,39.5,11.9,13.4,6.4
168,여수,2017-03-14,4.7,13.5,,6.1,34.9,11.9,16.74,1
168,여수,2017-03-15,2.3,12.4,,2.7,38.4,11.9,17.04,1
168,여수,2017-03-16,5.5,12.9,,2.8,49.5,12,14.45,5.6
168,여수,2017-03-17,3.6,14.7,,2.2,39.5,12,17.23,0
168,여수,2017-03-18,6.3,14.8,,1.9,48,12.1,8.64,4.8
168,여수,2017-03-19,6.8,15.4,,2.5,48.6,12.1,16.2,2.1
168,여수,2017-03-20,7.7,11.6,1.6,6.1,63.1,12.1,3.12,8.4
168,여수,2017-03-21,6.2,14.6,1.5,6.3,46.5,12.2,17.42,2.5
168,여수,2017-03-22,3.9,12.2,,2.3,49,12.2,11.09,6.5
168,여수,2017-03-23,8.4,15.3,,2,39.4,12.2,10.55,5.6
168,여수,2017-03-24,8.3,12,0,3.4,55.3,12.3,8.24,8.4
168,여수,2017-03-25,6.7,9.9,1.3,4.3,71.8,12.3,7.11,9.4
168,여수,2017-03-26,4.9,12.9,,3.7,57.5,12.3,12.74,3
168,여수,2017-03-27,5,12.6,,5.2,43.6,12.4,12.87,1.6
168,여수,2017-03-28,5.5,13.6,0,3.9,48.9,12.4,14.84,4.9
168,여수,2017-03-29,6.5,9.9,4.6,4.3,77.9,12.5,2.4,9.3
168,여수,2017-03-30,7.6,17.8,,1.6,55.6,12.5,18.12,3.1
168,여수,2017-03-31,8.9,13.1,4.9,2.4,65.5,12.5,7.13,9.6
168,여수,2017-04-01,7.7,13.5,.4,2,67.6,12.6,9.71,5.9
168,여수,2017-04-02,5.9,15.9,,3.5,31.3,12.6,14.91,.6
168,여수,2017-04-03,8.1,21.3,,4.5,22.5,12.6,20.18,0
168,여수,2017-04-04,9.8,19.8,,2.2,40.6,12.7,18.08,3.3
168,여수,2017-04-05,12.5,17,22.4,4.3,74.6,12.7,2.1,10
168,여수,2017-04-06,13.1,15.7,18.7,4.8,99.8,12.7,1.66,9.8
168,여수,2017-04-07,11,18.6,,1.9,84.4,12.8,17.57,6.9
168,여수,2017-04-08,11.8,21.3,,1.9,70.9,12.8,19.6,2
168,여수,2017-04-09,12.9,18.4,,3.5,65.6,12.8,13.71,7.8
168,여수,2017-04-10,10.9,17.7,0,6.9,56.1,12.9,14.91,8.1
168,여수,2017-04-11,10.2,18.4,10.3,5.1,66.8,12.9,10.41,6.9
168,여수,2017-04-12,11,19.8,,6,24.9,13,20.6,4.6
168,여수,2017-04-13,9.5,18.2,,4.4,48.1,13,18.95,0
168,여수,2017-04-14,10.4,19,0,4.8,68.1,13,15.48,3.9
168,여수,2017-04-15,13.1,21.1,.2,2.6,80.5,13.1,17.54,5.6
168,여수,2017-04-16,13.2,18.7,,1.1,94.3,13.1,20.03,7.9
168,여수,2017-04-17,13.5,16.9,7.3,2.9,92.8,13.1,1.47,7.9
168,여수,2017-04-18,12.2,17.6,,5.2,70,13.2,15.14,3.1
168,여수,2017-04-19,11.3,22.5,,6,34.3,13.2,21.3,.9
168,여수,2017-04-20,12.4,18,0,1.8,53.8,13.2,7.6,9.1
168,여수,2017-04-21,12.5,20.3,,2.4,64.4,13.3,17.41,6.8
168,여수,2017-04-22,12.2,18.5,1.9,1.8,74.3,13.3,16.95,2.9
168,여수,2017-04-23,10.9,19.4,,2.2,77.3,13.3,20.73,0
168,여수,2017-04-24,11.6,19.3,,1.5,77.1,13.4,19.23,3.5
168,여수,2017-04-25,14.9,21.2,.1,2.5,87.5,13.4,13.72,7.9
168,여수,2017-04-26,13.9,17.7,1.5,2.8,80.1,13.4,8.21,7.1
168,여수,2017-04-27,11,19.9,,4.9,35,13.5,18.34,3.4
168,여수,2017-04-28,10.1,21.1,,4.9,51,13.5,21.13,0
168,여수,2017-04-29,12.8,21.6,,4.3,55.1,13.5,21.11,0
168,여수,2017-04-30,14,24.1,,4.6,63.3,13.6,19.03,0
168,여수,2017-05-01,15.2,20.7,,3.7,60.6,13.6,19.36,.5
168,여수,2017-05-02,14.5,20.6,,3.3,51,13.6,16.83,6.5
168,여수,2017-05-03,14.3,23.2,,2.2,58.8,13.6,20.9,.5
168,여수,2017-05-04,14.5,22.5,1,2.1,74,13.7,17.96,5.1
168,여수,2017-05-05,16.3,19.1,6,1.5,95.8,13.7,4.58,9.8
168,여수,2017-05-06,15.4,24.2,,4.2,40.3,13.7,20.16,4.4
168,여수,2017-05-07,13.7,26.5,,5.4,41.6,13.8,21.7,.8
168,여수,2017-05-08,15.7,22.8,,3.8,56,13.8,11.72,7.8
168,여수,2017-05-09,13.3,18.3,16.3,4.2,89.5,13.8,2.01,10
168,여수,2017-05-10,14.5,20.6,.7,3.8,78.3,13.9,14.3,5.8
168,여수,2017-05-11,14.8,24.4,,3,79.5,13.9,19.79,3.6
168,여수,2017-05-12,16.7,18.3,8.3,2.6,92.5,13.9,2.94,8.6
168,여수,2017-05-13,14.8,22.1,,3.5,77.8,13.9,20.58,1.3
168,여수,2017-05-14,14.6,24.6,,5.5,39.4,14,23.18,1.5
168,여수,2017-05-15,13.6,22.3,,4.9,41.5,14,14.04,5.4
168,여수,2017-05-16,14.4,21.8,,3.9,57.3,14,21.49,5.6
168,여수,2017-05-17,14.6,23.5,,2.9,60.9,14,21.67,.1
168,여수,2017-05-18,15,25.1,,2.4,65.1,14.1,21.66,.3
168,여수,2017-05-19,18.1,26,,3.8,48,14.1,22.53,0
168,여수,2017-05-20,18.1,24.4,,3.6,50.3,14.1,17.69,5.3
168,여수,2017-05-21,16,24.3,,2.6,68,14.1,16.4,5.8
168,여수,2017-05-22,16.5,24.8,,1.9,71.4,14.1,22.29,.8
168,여수,2017-05-23,16.7,22.8,,1.8,84.4,14.2,12.84,6.8
168,여수,2017-05-24,19,24.2,,1.8,89,14.2,16.7,8
168,여수,2017-05-25,16.7,28.6,,4,64.5,14.2,23.4,3.5
168,여수,2017-05-26,13.8,23.8,,6.6,42,14.2,24.8,0
168,여수,2017-05-27,13.5,23.3,,2.3,60.3,14.3,22.9,0
168,여수,2017-05-28,15.3,22.6,,3.4,64.6,14.3,21.33,0
168,여수,2017-05-29,17.4,29.6,,3.6,53.3,14.3,22.13,0
168,여수,2017-05-30,19.7,31,,2.9,52.6,14.3,19.9,4.4
168,여수,2017-05-31,19.5,24.6,17.2,3.4,80.1,14.3,15.37,8.1
168,여수,2017-06-01,19.7,26.2,,3.6,80,14.3,21.76,4
168,여수,2017-06-02,17,24.1,,3.2,61.3,14.4,24.19,.8
168,여수,2017-06-03,17.6,27.1,0,3.8,49.9,14.4,23.04,4.5
168,여수,2017-06-04,17.3,25.9,,2.4,57.3,14.4,24.14,.5
168,여수,2017-06-05,17.3,23.5,,2.9,63.3,14.4,21.61,6.5
168,여수,2017-06-06,16.8,20.7,16.6,5,75.3,14.4,5.66,9.8
168,여수,2017-06-07,17.6,22.4,15.4,5.3,83.1,14.4,9.33,8.3
168,여수,2017-06-08,16.8,27.2,,5,62.3,14.4,24.22,1.6
168,여수,2017-06-09,18.8,27.3,,4.1,60.5,14.4,23.22,3.3
168,여수,2017-06-10,19.6,26,,4.4,84.1,14.5,14.73,7.1
168,여수,2017-06-11,17.5,22.7,.4,2.4,80.4,14.5,11.26,9.4
168,여수,2017-06-12,17.5,21.7,,4.2,64.3,14.5,14.25,6.4
168,여수,2017-06-13,17,22.9,,3,70,14.5,19.44,5.4
168,여수,2017-06-14,17.6,25.2,,2.6,71.5,14.5,22.39,.9
168,여수,2017-06-15,19.9,31.6,,5.1,40.9,14.5,21.86,.5
168,여수,2017-06-16,19,24.8,,2.1,77.3,14.5,19.65,2.4
168,여수,2017-06-17,18.8,26.3,,1.9,66.5,14.5,20.25,1.1
168,여수,2017-06-18,18.9,26.9,,1.6,72,14.5,21.54,0
168,여수,2017-06-19,19.8,28,,2.9,72,14.5,19.41,4.3
168,여수,2017-06-20,20.3,23.7,8,3.1,86,14.5,3.06,8.9
168,여수,2017-06-21,20.1,26.9,,3,78.8,14.5,17.7,5.5
168,여수,2017-06-22,20.8,26.7,,2.5,77.9,14.5,21.54,3.5
168,여수,2017-06-23,20.6,27.5,,1.3,80.8,14.5,17.14,4.6
168,여수,2017-06-24,20.5,24.9,,2.1,81.4,14.5,11.18,7.9
168,여수,2017-06-25,20.8,25.3,,1.8,86,14.5,12.41,8.4
168,여수,2017-06-26,20.9,23.8,1.9,2.3,89.8,14.5,7.77,9.3
168,여수,2017-06-27,21,24.9,.4,2,82.3,14.5,12.62,9.6
168,여수,2017-06-28,21.1,26.4,,1.9,82.9,14.5,18.71,4.9
168,여수,2017-06-29,20.8,22.3,38.9,1.8,95.8,14.5,3.16,8.8
168,여수,2017-06-30,21.1,26.7,0,2.1,90.1,14.5,16.44,7.9
168,여수,2017-07-01,23.1,27.8,,3.5,91.8,14.5,13.43,7.8
168,여수,2017-07-02,23.7,27.6,.4,3.8,94.8,14.4,10.78,8.8
168,여수,2017-07-03,23.7,27.5,0,5.2,91.9,14.4,7.83,9.1
168,여수,2017-07-04,23.2,27.9,23,3.3,92.8,14.4,15.26,8.6
168,여수,2017-07-05,23.2,26.7,4.1,1.8,96.6,14.4,10.94,9.5
168,여수,2017-07-06,22.8,24.8,26.5,1.4,99.4,14.4,4.64,10
168,여수,2017-07-07,22.6,26.7,5,1.5,97.8,14.4,5.47,9.4
168,여수,2017-07-08,24.1,27.2,4.9,2.1,96.3,14.4,5.48,9.1
168,여수,2017-07-09,23.5,28.9,5.7,1.9,91.4,14.4,17.09,8.5
168,여수,2017-07-10,24.7,26.6,0,4.9,95.3,14.4,4.51,10
168,여수,2017-07-11,23.4,26.1,0,3.8,91.8,14.3,7.57,8.6
168,여수,2017-07-12,23.5,29.5,,2.9,85.4,14.3,23.16,.6
168,여수,2017-07-13,23.1,28.5,,3.4,91.1,14.3,18.74,4.9
168,여수,2017-07-14,24.3,29.9,2.8,2.5,91.5,14.3,17.18,7.1
168,여수,2017-07-15,25.4,29.1,,3.1,90.8,14.3,15.2,7.4
168,여수,2017-07-16,25.4,29.9,,3.9,88.3,14.2,18.85,5.6
168,여수,2017-07-17,24.3,28.8,12.6,2.8,89.9,14.2,13.91,8.5
168,여수,2017-07-18,24.3,29,4.7,3,86.5,14.2,11.08,7.5
168,여수,2017-07-19,25.2,31.5,,2.4,81.8,14.2,18.44,3.4
168,여수,2017-07-20,25.2,30.8,,2.2,88,14.2,20.12,2
168,여수,2017-07-21,26.3,31.6,,2.9,86.9,14.2,19.76,2
168,여수,2017-07-22,26,31,,3,86,14.1,19.79,5
168,여수,2017-07-23,25.4,29.5,,2.8,88.3,14.1,12.49,6.6
168,여수,2017-07-24,25.9,32.2,,2.9,84.6,14.1,18.44,4.1
168,여수,2017-07-25,25.2,31.8,17.7,2.6,88,14.1,11.56,7.8
168,여수,2017-07-26,23.6,28.9,0,3.8,71.5,14,16.35,5
168,여수,2017-07-27,22.6,28.8,,2.2,72.9,14,21.88,0
168,여수,2017-07-28,23.2,30.1,,1.5,80.5,14,20.12,1.3
168,여수,2017-07-29,24.6,27.5,.1,1.7,89.5,14,6.38,8.8
168,여수,2017-07-30,24.1,29.9,,1.7,82.6,13.9,16.83,6
168,여수,2017-07-31,24.9,29.8,6,1.9,85.8,13.9,11.41,7.6
168,여수,2017-08-01,24.3,30.7,,2.9,85,13.9,19.76,1.4
168,여수,2017-08-02,25.5,30.6,,1.7,83.4,13.9,15.55,5.4
168,여수,2017-08-03,24.8,30.4,,4.2,76.8,13.8,20.61,1.3
168,여수,2017-08-04,26.3,32.6,,4.2,74,13.8,21.43,.3
168,여수,2017-08-05,28.2,33.1,,5,68,13.8,21.49,.9
168,여수,2017-08-06,28.1,34.9,,4.5,65.3,13.7,21.31,.3
168,여수,2017-08-07,28.7,35.9,,4.3,60.6,13.7,19.92,.3
168,여수,2017-08-08,26.1,31.8,.4,3.2,78.3,13.7,12.4,6.8
168,여수,2017-08-09,25.7,30.2,7.1,2.5,85.6,13.7,12.66,6.1
168,여수,2017-08-10,25.9,32.8,,4.1,74,13.6,18.45,3.3
168,여수,2017-08-11,22.9,31.4,55.6,3,81.1,13.6,18.51,5.1
168,여수,2017-08-12,24.5,29.4,0,3.3,77.8,13.6,17.15,6.8
168,여수,2017-08-13,23.8,26.1,1.2,4.6,78.4,13.5,5.12,8.9
168,여수,2017-08-14,22.6,24.6,93.5,6.6,94.9,13.5,3.35,10
168,여수,2017-08-15,22.8,26,1.1,3.5,92.1,13.5,6.71,9.3
168,여수,2017-08-16,24.7,30.4,0,3.1,80.9,13.4,18.59,2.9
168,여수,2017-08-17,24.3,30.5,,2.5,78.5,13.4,18.12,2.6
168,여수,2017-08-18,24.8,29.9,,1.5,82.3,13.4,15.73,4.1
168,여수,2017-08-19,25.4,28.3,6.7,2.9,85.9,13.4,11.43,6.3
168,여수,2017-08-20,24,28.2,55.8,3.4,90,13.3,9.52,9.3
168,여수,2017-08-21,24.5,30.1,24.9,3.2,86.4,13.3,15.5,8.6
168,여수,2017-08-22,25.5,29.1,56.8,2.3,92.4,13.3,9.26,7.1
168,여수,2017-08-23,26.9,31,3.8,4,89,13.2,21.01,5
168,여수,2017-08-24,27.7,31.7,.2,6.2,82.3,13.2,18.06,4.4
168,여수,2017-08-25,26.3,31,,2.7,81.4,13.1,9.2,5.3
168,여수,2017-08-26,23.3,30.6,,2.9,53.6,13.1,18.54,2
168,여수,2017-08-27,22.4,29.3,,3.1,60.9,13.1,19.27,0
168,여수,2017-08-28,22.9,29.4,,2.8,76.6,13,16.19,3
168,여수,2017-08-29,23.9,30.6,4.5,3.5,69.1,13,16.39,3.3
168,여수,2017-08-30,22.6,27.2,,4,53.9,13,11.98,8.1
168,여수,2017-08-31,19.8,27.1,,2.8,63.4,12.9,16.31,3.8
168,여수,2017-09-01,22,27.5,,4.6,61.1,12.9,18.2,3.1
168,여수,2017-09-02,20.1,25.1,,4.5,60.1,12.9,11.28,5.4
168,여수,2017-09-03,20.2,26.3,,4.1,64.6,12.8,17.42,3.5
168,여수,2017-09-04,21.9,25.4,,4.7,68.4,12.8,7.5,9.6
168,여수,2017-09-05,21.6,23.9,0,4.7,82.1,12.8,3.21,10
168,여수,2017-09-06,20.7,23.5,91.5,1.4,99.6,12.7,2.04,10
168,여수,2017-09-07,20.1,26.2,5.2,2.5,84,12.7,9.3,6.8
168,여수,2017-09-08,20.2,28,,1.8,79,12.7,17.09,1.5
168,여수,2017-09-09,21.3,27.4,,1.7,80.3,12.6,12.86,4.8
168,여수,2017-09-10,21.2,27.3,,2.8,78.4,12.6,16.14,4.9
168,여수,2017-09-11,19.7,26.9,61.8,4.8,87.1,12.6,4.69,9.3
168,여수,2017-09-12,21.1,29.2,,4.1,66.4,12.5,17.68,1
168,여수,2017-09-13,19.7,28.2,,2.6,54.3,12.5,18.51,.4
168,여수,2017-09-14,19.5,26.4,,4.6,66.4,12.5,17.06,3.3
168,여수,2017-09-15,20.5,24,,8.8,59,12.4,8.68,8.4
168,여수,2017-09-16,20.1,23.9,,9.6,66.5,12.4,6.65,8.5
168,여수,2017-09-17,21.8,27.1,0,8.9,68.1,12.3,11.96,5.5
168,여수,2017-09-18,19.8,28.1,,3.9,66,12.3,17.89,.9
168,여수,2017-09-19,20.8,26.3,,3.9,76.9,12.3,11.52,6.8
168,여수,2017-09-20,19.5,24.5,,4,64,12.2,6.62,7.5
168,여수,2017-09-21,18.6,25.1,,3.3,69.1,12.2,13.7,3.9
168,여수,2017-09-22,19.5,26.6,,3.7,74.1,12.2,15.56,2.8
168,여수,2017-09-23,19.6,25.2,,1.5,72.4,12.1,10.44,5.8
168,여수,2017-09-24,19.8,26.9,,2.3,73,12.1,15.27,3.5
168,여수,2017-09-25,20.1,28,,2.2,77.4,12.1,15.87,3.6
168,여수,2017-09-26,21.7,26.2,0,4,73.3,12,16.77,5.5
168,여수,2017-09-27,19.4,23,5.4,6.8,85.9,12,4.27,8.9
168,여수,2017-09-28,18.7,27.6,,4.4,57.5,12,13.34,2.8
168,여수,2017-09-29,15,22.4,,3.1,54.8,11.9,15.23,2.4
168,여수,2017-09-30,14.7,24.6,,1.9,56.4,11.9,16.31,.6
168,여수,2017-10-01,17.9,21,72.8,4,82.4,11.9,2.05,9.4
168,여수,2017-10-02,20.7,25.5,49.7,4.8,88.5,11.8,5.6,9.3
168,여수,2017-10-03,19.9,25.2,0,2.5,76,11.8,12.57,5.3
168,여수,2017-10-04,18.7,23.1,,4.5,73.1,11.7,12.34,7.4
168,여수,2017-10-05,16.3,20.9,1.1,6.8,72.4,11.7,6.3,9.8
168,여수,2017-10-06,15.4,19.2,11.5,6,91.4,11.7,2.45,9.8
168,여수,2017-10-07,17.7,23.3,,2,86.1,11.6,13.65,1.4
168,여수,2017-10-08,19.3,25.6,,2.5,81.9,11.6,14.1,.8
168,여수,2017-10-09,19.6,26.2,,1.7,82.8,11.6,14.02,0
168,여수,2017-10-10,20.2,27.3,,2.3,82.6,11.5,14.23,.4
168,여수,2017-10-11,18.1,24,.2,3.7,83.8,11.5,6.71,6.8
168,여수,2017-10-12,13.3,18.7,10.5,4.2,82.9,11.5,.88,10
168,여수,2017-10-13,11.9,20.7,,3.6,60,11.4,15.07,4.4
168,여수,2017-10-14,15,20.7,,5.4,50.9,11.4,10.38,8.5
168,여수,2017-10-15,14.2,17.6,2.5,7.9,70.4,11.3,5.33,10
168,여수,2017-10-16,16.8,19,0,8.5,63.6,11.3,4.23,8.4
168,여수,2017-10-17,16.7,19.8,,6.9,66.4,11.3,6.03,7
168,여수,2017-10-18,16.6,19,0,8.8,63.8,11.2,3.76,9.9
168,여수,2017-10-19,16.1,20.3,,6.2,62.3,11.2,9.1,6.3
168,여수,2017-10-20,16.1,21.6,,5,66.3,11.2,13.49,.3
168,여수,2017-10-21,16.2,21.8,,8.3,60.3,11.1,13.33,0
168,여수,2017-10-22,16.9,21.9,,12.2,52.3,11.1,12.69,0
168,여수,2017-10-23,14.8,19.8,,4.6,51.6,11.1,12.3,3
168,여수,2017-10-24,13.3,16.9,0,3.3,68.8,11,9.2,3.4
168,여수,2017-10-25,11.4,19.5,,1.3,71.1,11,13.71,0
168,여수,2017-10-26,12.5,19.7,,2.3,73.6,11,12.03,4.9
168,여수,2017-10-27,13.3,20.5,,2.3,70.9,10.9,12.21,2
168,여수,2017-10-28,16.1,20.3,,5.9,70.4,10.9,7.28,8.5
168,여수,2017-10-29,10,21,,6.5,56.5,10.9,12.3,.9
168,여수,2017-10-30,7.3,16.5,,5.5,38.8,10.8,13.56,0
168,여수,2017-10-31,7,18.1,,2.2,54.9,10.8,12.91,1.1
168,여수,2017-11-01,10.2,19.3,,3.1,59.4,10.8,12.58,1.4
168,여수,2017-11-02,11.5,19.3,,2.1,72.8,10.8,12.01,4.8
168,여수,2017-11-03,9.4,21.3,,4.7,66.6,10.7,11.52,.3
168,여수,2017-11-04,7.8,15.6,,4.9,50.8,10.7,12.22,0
168,여수,2017-11-05,6.6,16.4,,2.6,61.5,10.7,13.15,0
168,여수,2017-11-06,9.3,18,,3.2,66.8,10.6,12.47,.3
168,여수,2017-11-07,12.7,18,0,1.5,80.5,10.6,5.28,8.4
168,여수,2017-11-08,11.3,20.8,,4.9,59.3,10.6,10.79,2.8
168,여수,2017-11-09,8.7,18.7,,2.9,61.8,10.5,11.7,0
168,여수,2017-11-10,11.6,21.5,0,4.5,68.5,10.5,10.79,4.6
168,여수,2017-11-11,7.5,14.7,,4.2,41.9,10.5,12.21,0
168,여수,2017-11-12,6.6,15.7,,2.1,55.9,10.4,9.04,2.9
168,여수,2017-11-13,8.5,16.4,,2.4,63.5,10.4,8.21,6.3
168,여수,2017-11-14,8.5,16.9,,4.3,43,10.4,10.76,3.4
168,여수,2017-11-15,5.8,13.9,,4.3,47.6,10.4,10.98,.4
168,여수,2017-11-16,4.1,12.2,,2.4,52.4,10.3,10.72,0
168,여수,2017-11-17,6.3,12.5,.3,2.5,61.3,10.3,5.27,8.4
168,여수,2017-11-18,.6,11.3,0,8,42.9,10.3,11.21,2.9
168,여수,2017-11-19,.3,8.2,,4.7,44.1,10.3,10.64,3.5
168,여수,2017-11-20,3.9,10.7,,4.2,45.5,10.2,9.84,2.9
168,여수,2017-11-21,4.7,12.2,,2.8,56.6,10.2,9.8,1.9
168,여수,2017-11-22,6.8,13,0,3.2,58.1,10.2,4.3,8.3
168,여수,2017-11-23,2.8,9.1,.3,4.2,59.8,10.2,8.14,2.8
168,여수,2017-11-24,2.8,10.6,,5,52.8,10.2,9.67,.8
168,여수,2017-11-25,2.2,10.7,,1.7,72,10.1,7.36,7
168,여수,2017-11-26,8.2,16,,3.2,68.5,10.1,6.93,2.5
168,여수,2017-11-27,6.9,14.1,,3.5,64.4,10.1,7.81,2.4
168,여수,2017-11-28,8.3,16.1,,2,78.5,10.1,6.99,3.9
168,여수,2017-11-29,8.7,14.9,,4.7,50.5,10,5.89,7.4
168,여수,2017-11-30,1.2,11.2,,6.7,25.5,10,8.18,4.3
168,여수,2017-12-01,.1,7.1,,4.3,38.1,10,9.02,0
168,여수,2017-12-02,.6,9.1,,2.3,50.6,10,7.34,2.5
168,여수,2017-12-03,2.7,11.7,,2,65.5,10,7.96,2.3
168,여수,2017-12-04,-.1,9.4,,5.2,57.9,10,8.1,3
168,여수,2017-12-05,-1.9,5.2,,5.1,48.1,10,8.75,0
168,여수,2017-12-06,-1.1,9.6,,2,55.5,9.9,8.22,1.4
168,여수,2017-12-07,3.8,12,,4,57.8,9.9,7.02,5
168,여수,2017-12-08,-.9,4,,6.1,49.6,9.9,8.56,0
168,여수,2017-12-09,-1.2,8.8,,3.4,56.5,9.9,7.35,4.3
168,여수,2017-12-10,5,11,2.7,3.3,67.4,9.9,6.68,6.9
168,여수,2017-12-11,-2,5,0,7.4,53.5,9.9,8.08,3
168,여수,2017-12-12,-5,.7,,5.7,48.9,9.9,8.14,1
168,여수,2017-12-13,-3.8,3,,6.5,37.6,9.9,8.52,0
168,여수,2017-12-14,-4.2,5.8,,2,37.3,9.9,6.44,3.4
168,여수,2017-12-15,-.1,8.8,,2.8,34.8,9.8,6.91,4.4
168,여수,2017-12-16,-2.4,4.6,,4.9,54.1,9.9,5.57,4.4
168,여수,2017-12-17,-4.4,3.4,,4.2,50.9,9.8,8,0
168,여수,2017-12-18,-2.5,8.2,,3.6,60,9.8,7.14,3.5
168,여수,2017-12-19,-1.8,5.8,0,6.2,54.3,9.8,7.25,1.3
168,여수,2017-12-20,-1.9,6.8,0,3.2,57.6,9.8,8.02,1.1
168,여수,2017-12-21,1,8.9,,4,54.9,9.8,9.27,0
168,여수,2017-12-22,.3,10.6,,3.7,56.5,9.8,7.73,0
168,여수,2017-12-23,3.4,11.8,,1.4,78.1,9.8,5.97,4.5
168,여수,2017-12-24,4.7,12.9,13.8,5.1,76.8,9.8,2.15,7.1
168,여수,2017-12-25,.6,5.8,,5.7,45.1,9.8,8.68,1.1
168,여수,2017-12-26,-1.2,7.2,,5.5,52.9,9.8,6.91,1.6
168,여수,2017-12-27,-3.6,3.6,,6.6,32.1,9.8,9.01,0
168,여수,2017-12-28,-1.9,4.6,,2.9,48.4,9.9,4.42,3.4
168,여수,2017-12-29,.8,10.4,,4.3,65,9.9,7.02,0
168,여수,2017-12-30,3.6,7.3,,1.9,71.1,9.9,2.52,8.8
168,여수,2017-12-31,1.8,7.5,0,5.1,52,9.9,8.1,1.8
168,여수,2018-01-01,-.2,7.2,,4.5,45,9.9,8.25,0
168,여수,2018-01-02,-.2,9,,3.3,56.4,9.9,6.82,.8
168,여수,2018-01-03,-.2,5.4,,6.8,38.1,9.9,8.34,4.1
168,여수,2018-01-04,-1.1,4.9,,3.2,47.5,9.9,3.7,8.4
168,여수,2018-01-05,1.1,6.2,,5.9,47.8,9.9,7.7,3.8
168,여수,2018-01-06,.3,8.6,,4.7,44.8,9.9,8.52,1.1
168,여수,2018-01-07,1.2,6.4,1.5,4.7,57.9,10,1.49,8.4
168,여수,2018-01-08,3.2,7.4,2.6,5,80.3,10,1.04,9.4
168,여수,2018-01-09,-.3,3.2,0,6.9,65,10,6.06,4
168,여수,2018-01-10,-4.1,1.1,1,5.1,74.9,10,5.43,5.6
168,여수,2018-01-11,-6.8,-1.7,,5.2,61.3,10,8.18,1.9
168,여수,2018-01-12,-8.2,-1.9,,6.9,50.5,10,9.32,0
168,여수,2018-01-13,-5.1,5.8,,4.1,58.6,10,8.47,.6
168,여수,2018-01-14,-.4,7.3,,1.8,71.1,10.1,6.48,4.9
168,여수,2018-01-15,3.5,13.1,,2.7,71.8,10.1,9.04,.4
168,여수,2018-01-16,5.2,8.7,16.8,3,90.1,10.1,.44,8.6
168,여수,2018-01-17,4.7,9.6,2.8,2.7,87,10.1,4.23,7
168,여수,2018-01-18,4,10.7,,3.5,66.1,10.2,7.58,2.4
168,여수,2018-01-19,1.4,9.4,,2.5,54.6,10.2,8.68,1
168,여수,2018-01-20,-.2,9.3,,1.7,52.6,10.2,8.79,0
168,여수,2018-01-21,1.2,8.6,,2,51.5,10.2,8.12,4.8
168,여수,2018-01-22,4.8,9,0,4.7,61.4,10.2,5.36,6.9
168,여수,2018-01-23,-6.1,4.7,,7.4,48.9,10.3,8.78,2.5
168,여수,2018-01-24,-8.9,-2.8,,6,41.9,10.3,10.54,0
168,여수,2018-01-25,-9.8,-2.1,,8.2,36.1,10.3,10.33,4.3
168,여수,2018-01-26,-10.3,-1.7,,9.6,38.9,10.3,11.21,.4
168,여수,2018-01-27,-8.9,2.9,,2.8,45.6,10.4,10.57,2.6
168,여수,2018-01-28,-1.9,4.5,,5.6,38.9,10.4,9.14,4.5
168,여수,2018-01-29,-5.1,1.5,,6.2,47,10.4,9.97,1.5
168,여수,2018-01-30,-6.3,2.9,,4,46.1,10.5,9.22,4
168,여수,2018-01-31,-1.7,5.2,,2.7,55.5,10.5,6.67,6.4
168,여수,2018-02-01,-.2,7.1,,3.9,38,10.5,10.43,0
168,여수,2018-02-02,-.7,5.9,,4.1,27.1,10.5,7.57,5.4
168,여수,2018-02-03,-5.3,.8,,7.5,48.4,10.6,11.52,.3
168,여수,2018-02-04,-7.6,-2,,6,48.3,10.6,11.41,.8
168,여수,2018-02-05,-7.5,-.5,,5.2,47.9,10.6,10.13,.6
168,여수,2018-02-06,-8.4,-1.1,,5.2,47.4,10.7,11.51,.4
168,여수,2018-02-07,-7.4,3.3,,4.6,41.4,10.7,12.4,.6
168,여수,2018-02-08,-4.2,5.3,,2.7,43.1,10.7,10.97,1.3
168,여수,2018-02-09,1.6,9.8,,2.9,58.8,10.8,8.27,6
168,여수,2018-02-10,-1.7,8.4,,6.1,46.1,10.8,6.12,7.6
168,여수,2018-02-11,-3.5,2.5,0,5.2,58.9,10.8,7.32,5.8
168,여수,2018-02-12,-4.3,1.9,.1,6.4,64,10.9,10.07,4.3
168,여수,2018-02-13,-2.2,5.5,0,4.4,53.8,10.9,12.09,1
168,여수,2018-02-14,.4,12.7,,3.5,71.1,10.9,9.28,4
168,여수,2018-02-15,3.9,11.6,,2.2,42.6,11,7.81,6.6
168,여수,2018-02-16,1.6,9.2,,3.1,39.9,11,5.8,4.3
168,여수,2018-02-17,-.2,9.1,,5.5,29,11,13.43,2.1
168,여수,2018-02-18,-.2,8.5,,1.6,42.5,11,8.83,5.6
168,여수,2018-02-19,4.2,9.7,,2.2,43.9,11.1,5.41,8.5
168,여수,2018-02-20,2.3,11.4,,1.9,49.3,11.1,9.07,4
168,여수,2018-02-21,2,7.8,,4.3,26.3,11.1,8.34,5.5
168,여수,2018-02-22,-.4,7.8,,3.3,34.4,11.2,11.34,1.4
168,여수,2018-02-23,1.1,10.4,,3.1,61.5,11.2,8.96,2.1
168,여수,2018-02-24,3.3,12.3,,2.2,61,11.3,11.69,1.6
168,여수,2018-02-25,6,14.5,,3.3,60.8,11.3,11.3,4.1
168,여수,2018-02-26,2.8,13.5,,1.7,53.9,11.3,13.58,0
168,여수,2018-02-27,3.9,13.4,,1.9,69.5,11.4,12.22,2.3
168,여수,2018-02-28,6.2,9.3,33.3,6.5,83.8,11.4,.33,9.3
168,여수,2018-03-01,-.2,8.4,0,9.9,51.4,11.4,14,3.3
168,여수,2018-03-02,-1.3,8.5,,3.4,55.8,11.5,15.02,2
168,여수,2018-03-03,2.9,13.3,,1.5,68.3,11.5,9.37,5.1
168,여수,2018-03-04,9.8,14,31.6,1.7,96,11.5,1.13,8.9
168,여수,2018-03-05,5.3,14,5.4,6.7,87.5,11.6,1.25,9.5
168,여수,2018-03-06,3.9,10,,4.7,63.9,11.6,16.67,3
168,여수,2018-03-07,4.2,8.3,6.7,7.7,72.9,11.7,5.68,9.9
168,여수,2018-03-08,3.9,7.6,34.1,6.4,81.9,11.7,4.32,7.3
168,여수,2018-03-09,2,8.7,,3.4,73.3,11.7,9.57,5
168,여수,2018-03-10,4.8,10.9,,3.3,66.8,11.8,17,2.3
168,여수,2018-03-11,4,13.9,,3,60,11.8,16.39,0
168,여수,2018-03-12,5.3,14.8,,1.9,75,11.8,15.67,.4
168,여수,2018-03-13,7.6,17.2,,2.4,81.5,11.9,16.1,1.4
168,여수,2018-03-14,10.5,19.2,,1.7,84.5,11.9,16.1,2.8
168,여수,2018-03-15,12.8,15.6,98.9,3.1,98.8,11.9,.27,9.9
168,여수,2018-03-16,4.2,13.8,1.9,6.3,76.8,12,6.49,6.6
168,여수,2018-03-17,2.1,9.7,,3.7,67.5,12,18.03,0
168,여수,2018-03-18,5,12.8,12,2.8,86.3,12.1,5.83,7.9
168,여수,2018-03-19,7,12.6,29.5,8.8,92,12.1,1.47,10
168,여수,2018-03-20,2.1,8.8,1.1,11.4,63.4,12.1,5.59,9.9
168,여수,2018-03-21,.6,4.6,2.6,9.6,81,12.2,3.94,9.3
168,여수,2018-03-22,2.2,13,,5,57.1,12.2,17.59,2.5
168,여수,2018-03-23,3.6,13.1,,4.2,56.3,12.2,17.42,.6
168,여수,2018-03-24,5.9,15.2,,3.4,51.3,12.3,15.75,1.3
168,여수,2018-03-25,8.2,17.3,,3.5,66.5,12.3,17.33,0
168,여수,2018-03-26,8.3,18.1,,3.6,65.1,12.3,17.16,0
168,여수,2018-03-27,10.3,18,,3.6,65,12.4,17.34,0
168,여수,2018-03-28,9.7,18.2,,3.8,75.9,12.4,18.15,0
168,여수,2018-03-29,11.4,20.5,,2.4,75.9,12.4,15.08,.9
168,여수,2018-03-30,11.5,16.1,,4.5,63.5,12.5,15.55,.6
168,여수,2018-03-31,9.6,19.1,,2.6,58.4,12.5,16.43,.6
168,여수,2018-04-01,11.5,20.5,,1.8,81.3,12.6,12.28,5.1
168,여수,2018-04-02,13.9,21.1,,1.9,89,12.6,17.25,4.5
168,여수,2018-04-03,14.7,20.6,,2.9,91.8,12.6,17.69,5.1
168,여수,2018-04-04,9.8,17.3,16.2,2.8,99.1,12.7,2.66,9.8
168,여수,2018-04-05,9.4,10.9,1.3,5.1,90.3,12.7,2.29,9.9
168,여수,2018-04-06,5.1,14.9,16.9,6.7,63.1,12.7,15.5,7
168,여수,2018-04-07,2.5,9.5,0,7.4,49.5,12.8,16.46,3.8
168,여수,2018-04-08,3.7,13.1,,6.2,58,12.8,17.95,1.1
168,여수,2018-04-09,10.5,17.6,,4.2,62.8,12.8,19.29,1.4
168,여수,2018-04-10,9.8,19.1,,4.6,78.6,12.9,16.52,6.1
168,여수,2018-04-11,13.2,22.6,0,5.5,55.9,12.9,17.69,5.3
168,여수,2018-04-12,9.7,19.2,,3,35.6,12.9,11.94,6.5
168,여수,2018-04-13,12.5,17,,5.2,41.3,13,9.81,8.5
168,여수,2018-04-14,8.8,14.1,34.3,6.4,84.9,13,.88,8.8
168,여수,2018-04-15,8.6,18.2,,7.3,52.3,13.1,19.54,2.6
168,여수,2018-04-16,7.1,16.5,,3,65.3,13.1,15.85,5.3
168,여수,2018-04-17,11.4,18.7,,3.2,67.4,13.1,18.59,3.1
168,여수,2018-04-18,10.4,18.3,,2.6,67,13.2,21.21,0
168,여수,2018-04-19,9.9,19.3,,3.7,58.3,13.2,21.79,0
168,여수,2018-04-20,11.9,24.9,,1.7,50.9,13.2,20.4,0
168,여수,2018-04-21,12.1,21.5,,2.2,74.6,13.3,20.71,3.4
168,여수,2018-04-22,15,18.9,0,2.6,85.9,13.3,5.12,10
168,여수,2018-04-23,11.8,15,49.8,7.7,98.4,13.3,.55,10
168,여수,2018-04-24,11.7,14.5,6.8,7,85.9,13.4,5.7,10
168,여수,2018-04-25,11.5,17.9,,2.9,50.6,13.4,23.85,2.1
168,여수,2018-04-26,10.4,19.6,,2.6,68,13.4,21.21,3.9
168,여수,2018-04-27,13.6,22.5,,4.5,54.9,13.4,23.25,2.1
168,여수,2018-04-28,12.8,20.5,,2.8,77.6,13.5,24.79,.8
168,여수,2018-04-29,13.2,19,,3.4,79.8,13.5,24,2.8
168,여수,2018-04-30,14.9,20.3,,1.8,84.3,13.6,8.93,5.6
168,여수,2018-05-01,15.7,18.3,3.5,1.9,86.5,13.6,1.78,9.1
168,여수,2018-05-02,11.8,18.7,6.3,3.8,,13.6,3.01,7.8
168,여수,2018-05-03,10.4,18.5,0,6.9,53.5,13.6,23.08,1.4
168,여수,2018-05-04,10,21.5,,5.7,45.8,13.7,27.41,0
168,여수,2018-05-05,12.2,20,,3.7,64.3,13.7,22.04,5.1
168,여수,2018-05-06,16.3,17.8,34.2,5,96.1,13.7,.3,10
168,여수,2018-05-07,14.4,18.4,26.9,3.2,93.3,13.8,4.51,7.6
168,여수,2018-05-08,13.5,18,,7.1,69.9,13.8,12.56,6.3
168,여수,2018-05-09,12.3,17.6,,4.9,67.1,13.8,23.7,4.5
168,여수,2018-05-10,12.9,18.9,,2.6,77.4,13.8,26.31,2.6
168,여수,2018-05-11,13.4,20.9,,2.5,75.6,13.9,26.01,4.3
168,여수,2018-05-12,16,19.8,7.4,4.1,84.6,13.9,3.93,10
168,여수,2018-05-13,16.9,25.5,6.4,4.4,74.5,13.9,18.57,4.5
168,여수,2018-05-14,15.7,24.8,,2.2,69.5,14,25.79,.5
168,여수,2018-05-15,16.5,23.4,0,1.2,81.1,14,19.19,7.3
168,여수,2018-05-16,19.3,20.8,4,2.7,100,14,.92,10
168,여수,2018-05-17,19.4,21.1,1.9,3.5,100,14,1.81,10
168,여수,2018-05-18,14.6,24,2.3,2.8,97.4,14.1,11.86,9.6
168,여수,2018-05-19,13.9,17.5,.6,5.7,73.4,14.1,13.97,5.4
168,여수,2018-05-20,13.3,20.9,,7.8,58.4,14.1,21.07,4
168,여수,2018-05-21,14.1,21.9,,4.9,71.1,14.1,23.47,4.3
168,여수,2018-05-22,15.9,21.9,4.1,3,80.3,14.1,22.52,5.4
168,여수,2018-05-23,15.8,26.1,23.8,3.4,66.4,14.2,24.52,3.5
168,여수,2018-05-24,14.7,25.7,,2.4,60.3,14.2,28.1,3.5
168,여수,2018-05-25,16.6,26,,2.4,56.6,14.2,23.81,5.3
168,여수,2018-05-26,17,25,,1.9,65.9,14.2,27.48,.6
168,여수,2018-05-27,17.9,22.8,,1.6,80.1,14.3,15.74,7.5
168,여수,2018-05-28,18.2,20.1,13.1,1.8,95.6,14.3,3.34,9.6
168,여수,2018-05-29,18.8,24.6,,2,88.4,14.3,19.04,8.1
168,여수,2018-05-30,19.1,25.4,,2.8,86.5,14.3,19.89,6.3
168,여수,2018-05-31,18,23.7,,2.5,61.1,14.3,16.36,5.6
168,여수,2018-06-01,16.4,26.3,,1.3,63.3,14.3,26.92,0
168,여수,2018-06-02,18.7,26.8,,2.1,68.5,14.3,26.5,.8
168,여수,2018-06-03,19.2,25.9,,2.4,74.6,14.4,23.54,2.6
168,여수,2018-06-04,19,25.8,0,2.8,72.1,14.4,21.48,6.4
168,여수,2018-06-05,18.7,21.7,7.3,1.9,88.8,14.4,7.59,8.3
168,여수,2018-06-06,18.7,26.4,,2,83.4,14.4,24.38,2.9
168,여수,2018-06-07,19.2,25.9,,2,85.6,14.4,26.06,0
168,여수,2018-06-08,20.1,26.9,,2,78.8,14.4,21.47,2.8
168,여수,2018-06-09,20.2,23.9,0,3.8,74.6,14.4,25.1,4.1
168,여수,2018-06-10,18.2,20.9,3.7,6.2,80.3,14.5,5.74,9.6
168,여수,2018-06-11,16.6,20.6,14.9,3.8,88.8,14.5,7.23,10
168,여수,2018-06-12,17.3,20.7,3.6,2.4,88.6,14.5,11.52,8.8
168,여수,2018-06-13,18.7,21.7,,3.2,82.1,14.5,20.12,5.3
168,여수,2018-06-14,18.4,23.3,,4.9,75.1,14.5,25.92,2
168,여수,2018-06-15,17.6,23.7,,5.4,72,14.5,26.54,.4
168,여수,2018-06-16,17.1,23.2,,4.2,71,14.5,25.02,3.4
168,여수,2018-06-17,17.3,24,,2,76.6,14.5,16.04,6.5
168,여수,2018-06-18,20,26.9,,1.9,75.5,14.5,21.84,6.1
168,여수,2018-06-19,20.4,24.5,7.6,1.5,90.6,14.5,7.72,9.1
168,여수,2018-06-20,19.5,26.7,,2.4,81.6,14.5,21.38,4.9
168,여수,2018-06-21,21.5,29.7,,2.6,61.5,14.5,25.96,3
168,여수,2018-06-22,21,28.6,,2,56.4,14.5,19.79,7.5
168,여수,2018-06-23,21.4,25.9,.2,4,74.3,14.5,22.51,4.6
168,여수,2018-06-24,20.8,29.8,,3.3,72.5,14.5,25.85,.1
168,여수,2018-06-25,22,28,,2,82.1,14.5,23.17,2.8
168,여수,2018-06-26,22,25.8,1.2,4.7,96.3,14.5,4.46,10
168,여수,2018-06-27,22.8,24.9,26.5,6.7,95.8,14.5,7.02,10
168,여수,2018-06-28,20.8,23.3,144.4,3.1,100,14.5,1.42,10
168,여수,2018-06-29,22,26,13.4,1.8,97.3,14.5,11.3,9.1
168,여수,2018-06-30,20.2,22.5,69,3.5,99.5,14.5,.62,9.6
168,여수,2018-07-01,20.3,26.9,36.1,3.7,90,14.5,8.97,9.8
168,여수,2018-07-02,23.4,26.9,75.6,3.1,89.4,14.4,11.94,9.6
168,여수,2018-07-03,23.4,25.4,16,8.7,87.4,14.4,2.29,10
168,여수,2018-07-04,23.8,29.4,,3.9,79.9,14.4,22.74,4.5
168,여수,2018-07-05,23.2,24.9,3.2,1.7,94.5,14.4,5.92,10
168,여수,2018-07-06,21.1,23.5,1.7,6.7,86.4,14.4,2.32,9
168,여수,2018-07-07,20.1,25.3,,6.6,70.9,14.4,23.98,4.5
168,여수,2018-07-08,19.4,24.3,,5.7,77.1,14.4,14.77,8.9
168,여수,2018-07-09,19.2,21.3,17.1,5.2,98.9,14.4,1.46,9.5
168,여수,2018-07-10,21,27.1,,2.4,91.3,14.4,17.44,6.9
168,여수,2018-07-11,23.7,30,,2,80.8,14.3,25.34,3
168,여수,2018-07-12,24.7,30,,2.5,86.8,14.3,24.79,5.3
168,여수,2018-07-13,25.1,30.4,,3.7,85,14.3,27.33,1.9
168,여수,2018-07-14,25.1,30.2,,3.3,84,14.3,27.27,0
168,여수,2018-07-15,24.9,31,,2.3,81.5,14.3,27.09,0
168,여수,2018-07-16,24.8,30.9,,2.4,79.9,14.3,26.11,0
168,여수,2018-07-17,24.9,30.7,,3,83.6,14.2,26.55,0
168,여수,2018-07-18,24.8,31.3,,2.1,81.9,14.2,26.23,0
168,여수,2018-07-19,25.2,32.8,,1.7,78,14.2,25.96,0
168,여수,2018-07-20,25.5,33.7,,1.4,71.4,14.2,25.25,.1
168,여수,2018-07-21,27,33.2,,1.9,72.9,14.2,24.84,2.4
168,여수,2018-07-22,27.6,30.7,,2.9,75.3,14.1,15.27,5.4
168,여수,2018-07-23,26.4,31.7,,2.2,83.8,14.1,20.45,3.5
168,여수,2018-07-24,26.7,31.3,,3,83.4,14.1,26.5,1.5
168,여수,2018-07-25,26.6,31.6,,3.6,80.8,14.1,25.69,.1
168,여수,2018-07-26,27.5,33.3,,2.9,76.8,14.1,25.42,.3
168,여수,2018-07-27,27.7,34.7,,1.5,77.5,14,23.32,1.8
168,여수,2018-07-28,27.5,31.9,0,1.7,84.1,14,15.82,6.3
168,여수,2018-07-29,26.5,35,,3,72.5,14,23.46,3.1
168,여수,2018-07-30,26.6,32.6,0,5.2,70.6,13.9,21.4,3.4
168,여수,2018-07-31,27,33.7,,4.2,65.3,13.9,24.54,1.6
168,여수,2018-08-01,27.1,33.2,,4.1,65.5,13.9,25.51,0
168,여수,2018-08-02,27.7,32.5,,3.8,71.4,13.9,25.24,.3
168,여수,2018-08-03,27.3,31.2,,2.8,81.3,13.8,22.47,2.9
168,여수,2018-08-04,27.2,31.4,,3,84.3,13.8,24.64,.9
168,여수,2018-08-05,27.7,34.5,,2.7,68.9,13.8,16.01,1.9
168,여수,2018-08-06,28,33.8,0,1.7,77.8,13.8,18.19,6.8
168,여수,2018-08-07,27.5,31.3,0,2.7,81,13.7,15.47,5
168,여수,2018-08-08,26.7,32.6,,1.5,82.5,13.7,20.7,4.6
168,여수,2018-08-09,27.4,31.6,,2.3,81.5,13.7,18.39,6
168,여수,2018-08-10,26.4,29.8,3.9,2.8,88.3,13.6,8.79,7
168,여수,2018-08-11,26.4,30.7,,4.6,78.8,13.6,14,6.9
168,여수,2018-08-12,26.1,31.4,0,4.2,78.1,13.6,17.26,6.8
168,여수,2018-08-13,27.9,33,,1.9,75.3,13.5,22.41,5
168,여수,2018-08-14,26.8,33.7,,2.2,73.8,13.5,22.22,4.9
168,여수,2018-08-15,27.4,34.4,0,4.1,73.3,13.5,19.79,5.6
168,여수,2018-08-16,25.4,30.2,1.6,4.6,79.5,13.4,11.62,9.6
168,여수,2018-08-17,24,29.1,,7.6,61.1,13.4,18.54,5.1
168,여수,2018-08-18,22.8,28.5,,4.9,66.3,13.4,23.11,3.5
168,여수,2018-08-19,23.1,29.8,,2.4,70.3,13.4,23.33,2.6
168,여수,2018-08-20,24.1,29.4,,2.7,78.5,13.3,19.73,2.8
168,여수,2018-08-21,24.5,32,,1.5,72.1,13.3,24.03,1.1
168,여수,2018-08-22,27.4,32,,7,71.1,13.3,16.14,7.9
168,여수,2018-08-23,25.2,29.8,8,8,84.3,13.2,4.46,9.5
168,여수,2018-08-24,25.1,31.1,.6,8.8,77.5,13.2,15.3,5
168,여수,2018-08-25,24.2,27.7,7.1,1.5,85.9,13.1,6.89,8.6
168,여수,2018-08-26,25.4,29.5,13.7,7,85.9,13.1,13.55,8.4
168,여수,2018-08-27,26.6,28.2,.8,6.5,90.1,13.1,5.65,9.4
168,여수,2018-08-28,26.2,30.6,,4.1,85.9,13.1,20.33,5.3
168,여수,2018-08-29,25.5,30.4,.5,4,83.9,13,19.45,5.5
168,여수,2018-08-30,26.2,30.1,,6,83,13,21.72,4.8
168,여수,2018-08-31,24.1,27.7,53.6,4.5,87.8,13,4.37,9
168,여수,2018-09-01,20.6,24.7,88.8,4.9,88.8,12.9,2.93,9.8
168,여수,2018-09-02,20.7,23.3,8.8,6.5,85.5,12.9,5.89,10
168,여수,2018-09-03,21.9,26.1,31.1,4.7,95.4,12.8,2.69,9.5
168,여수,2018-09-04,20.9,30.3,24.5,4.9,70.3,12.8,21.32,3.4
168,여수,2018-09-05,21.1,28.6,,3.9,67.5,12.8,19.7,3.5
168,여수,2018-09-06,22.4,25.5,0,2.5,77.3,12.7,6.11,8.9
168,여수,2018-09-07,20.4,24.4,9.6,3.4,78.4,12.7,6.81,9.4
168,여수,2018-09-08,19.5,22.4,,3.6,63.4,12.7,6.74,7.8
168,여수,2018-09-09,20.7,26.9,,3.9,62.6,12.6,22.37,1.8
168,여수,2018-09-10,20.5,25.8,,5.2,61.5,12.6,20.5,3.6
168,여수,2018-09-11,19.1,24.5,,6.8,62.4,12.6,16.54,7.1
168,여수,2018-09-12,20.2,27.1,,5.2,71,12.5,19.02,6.5
168,여수,2018-09-13,20.6,23.4,10.6,6.1,87,12.5,3.21,10
168,여수,2018-09-14,20.5,24.1,44.2,6.4,91.1,12.5,11.51,8.9
168,여수,2018-09-15,21.4,23.7,2.6,3,97.4,12.4,3.05,8.8
168,여수,2018-09-16,22.3,27.3,,3,84.5,12.4,19.62,5.3
168,여수,2018-09-17,22.2,25.9,,2.1,79.1,12.4,11.01,5.4
168,여수,2018-09-18,21.4,27.1,,1.9,78.9,12.3,20.18,1.8
168,여수,2018-09-19,20.8,24.8,3.9,2,79.5,12.3,6.23,8.4
168,여수,2018-09-20,20.2,22.4,41.1,3.9,96.6,12.2,3.76,9.3
168,여수,2018-09-21,19.4,21.8,16.1,4.4,92.1,12.2,1.64,9.3
168,여수,2018-09-22,18.7,27.2,,2.3,69.8,12.2,15.92,5
168,여수,2018-09-23,17.7,25.9,,2.4,69.6,12.1,18.1,5.6
168,여수,2018-09-24,17.5,21.7,,1.4,62,12.1,8.39,6.4
168,여수,2018-09-25,15.5,23.2,,4.1,60,12.1,20.62,2.4
168,여수,2018-09-26,18.6,23,,7.5,61.9,12,15.63,5.1
168,여수,2018-09-27,17.2,23.6,,5.9,61.4,12,19.78,.9
168,여수,2018-09-28,17.5,23.7,,5.4,64.1,12,17.31,4.6
168,여수,2018-09-29,18.7,20.2,.1,5.9,74.9,11.9,2.08,9.8
168,여수,2018-09-30,16.8,27.1,,6.5,57.1,11.9,17.06,3.8
168,여수,2018-10-01,16.3,22.7,,6,55.9,11.9,18.4,2.4
168,여수,2018-10-02,15.5,22.6,,2.5,60.9,11.8,18.08,1.5
168,여수,2018-10-03,15,23.3,,2.1,67,11.8,18.52,.8
168,여수,2018-10-04,16.7,23.6,0,6.3,68.1,11.7,14.9,6.1
168,여수,2018-10-05,17.7,21.4,35.5,9.5,90,11.7,2.35,10
168,여수,2018-10-06,19,23.7,104.4,9.2,82.9,11.7,9.52,6.6
168,여수,2018-10-07,16.8,25.6,,4.7,61.8,11.6,18.51,0
168,여수,2018-10-08,14.7,22,,2.9,51.9,11.6,18.7,1.8
168,여수,2018-10-09,16.3,18.8,0,4,62.8,11.6,5.67,9.1
168,여수,2018-10-10,13.3,18.3,0,4.8,61.8,11.5,10.72,8.4
168,여수,2018-10-11,11.1,17.4,,4.3,44.1,11.5,18.27,2.3
168,여수,2018-10-12,10.1,18.3,,2.2,59.3,11.5,17.36,.3
168,여수,2018-10-13,12.1,19.9,,2.6,63.4,11.4,17.44,1.5
168,여수,2018-10-14,14.5,21.4,,2.7,67.9,11.4,13.11,5.8
168,여수,2018-10-15,14.7,21.7,,2.1,63.1,11.4,15.4,4.1
168,여수,2018-10-16,14,17.7,0,1.6,69,11.3,3.81,6.4
168,여수,2018-10-17,12.2,21.1,,2.5,60.5,11.3,13.88,1.3
168,여수,2018-10-18,11.2,19.7,,4.2,52.3,11.2,15.69,0
168,여수,2018-10-19,13,21,,3.8,56.6,11.2,15.55,0
168,여수,2018-10-20,12,20,,2.3,59.1,11.2,15.26,3
168,여수,2018-10-21,12.2,20.5,,2.2,61.5,11.2,15.53,.9
168,여수,2018-10-22,13.2,19.8,0,2.2,67,11.1,8.67,7.6
168,여수,2018-10-23,14.9,21.7,0,2.2,66.1,11.1,10.76,4.4
168,여수,2018-10-24,12.9,20.2,,3.1,61.3,11,14.81,0
168,여수,2018-10-25,12.9,19.9,,2.9,60.4,11,14.44,2
168,여수,2018-10-26,14,18.1,6.3,3.7,78.9,11,1.61,7.6
168,여수,2018-10-27,10.4,15.8,,5.9,58.6,10.9,10.4,3.1
168,여수,2018-10-28,9,18.7,.4,5,62,10.9,12.32,1.9
168,여수,2018-10-29,10.5,20.2,,4.6,64,10.9,12.14,.8
168,여수,2018-10-30,8.8,14.7,,5.2,53.6,10.9,13.77,0
168,여수,2018-10-31,8.4,16.9,,4.4,59.3,10.8,12.59,2.8
168,여수,2018-11-01,7,17,,2,60.6,10.8,13.3,0
168,여수,2018-11-02,8.9,18.3,,1.9,56,10.8,13.15,0
168,여수,2018-11-03,9.3,17.9,,2,54.8,10.7,12.26,1.9
168,여수,2018-11-04,9.7,19.9,,1.4,61.9,10.7,12.66,1
168,여수,2018-11-05,10.8,20.4,,1.6,65.9,10.7,12.31,0
168,여수,2018-11-06,12.3,19.4,,2.2,72.3,10.6,11.07,1.9
168,여수,2018-11-07,14.5,17.5,.1,4.3,77,10.6,3.23,9.8
168,여수,2018-11-08,14.6,18.7,16.7,5.9,92,10.6,.46,9.6
168,여수,2018-11-09,11.7,16.9,,5.3,66,10.5,8.34,4.4
168,여수,2018-11-10,10.1,19.2,,2.5,67.9,10.5,12.11,0
168,여수,2018-11-11,10.5,17.2,2.5,1.9,79.4,10.5,7.37,6.8
168,여수,2018-11-12,11.4,15.7,6.7,2.1,76.4,10.4,8.41,5.9
168,여수,2018-11-13,11.1,16.6,,3.4,66.9,10.4,11.36,4.3
168,여수,2018-11-14,10.6,16.6,,2.6,68,10.4,12.16,0
168,여수,2018-11-15,10.3,16.8,,3,71.8,10.4,10.94,4.4
168,여수,2018-11-16,10.4,14.1,2.5,2.9,82,10.4,2.62,8.8
168,여수,2018-11-17,8.5,16,,2.7,59.6,10.3,11.68,1.9
168,여수,2018-11-18,7.4,11.5,0,1.9,48.3,10.3,1.3,8.5
168,여수,2018-11-19,8.7,15.5,,3.3,48.3,10.3,10.1,2.6
168,여수,2018-11-20,7.1,14.3,,2.7,44.5,10.3,11.63,1
168,여수,2018-11-21,8.7,12.2,,2.3,50,10.2,1.73,9.6
168,여수,2018-11-22,5.5,11.3,,5,41.5,10.2,11.73,1.5
168,여수,2018-11-23,4.5,11.6,,2.6,47,10.2,10.1,1.1
168,여수,2018-11-24,6.7,11.9,3.7,2.6,81.9,10.2,1.98,6.8
168,여수,2018-11-25,7.8,15.2,,2.7,70.5,10.1,10.04,2.6
168,여수,2018-11-26,7.8,14.8,,2.8,67.4,10.1,8.95,4
168,여수,2018-11-27,9.1,18.1,,2.5,65.6,10.1,10.7,.6
168,여수,2018-11-28,9.3,14.8,,2.8,49.8,10.1,9.54,1
168,여수,2018-11-29,6.6,15.4,,1.8,46,10,8.85,2.9
168,여수,2018-11-30,8.1,15.9,,2.3,50.1,10,8.52,2.5
168,여수,2018-12-01,7.7,12.1,,3.8,47.8,10,5.98,5.9
168,여수,2018-12-02,9.6,16.2,.6,5.3,69.3,10,7.75,4.8
168,여수,2018-12-03,13,16.5,16.8,2.6,97.9,10,3.52,9.1
168,여수,2018-12-04,9.3,15.5,16,5.1,76.4,10,2.69,9.6
168,여수,2018-12-05,4.4,11,,4.5,46.5,10,11.02,5.1
168,여수,2018-12-06,5.3,9.8,6.3,4.2,71.8,9.9,2.75,9.6
168,여수,2018-12-07,-2.7,6,,6.7,48,9.9,4.71,8.8
168,여수,2018-12-08,-4,3,0,3.9,48.9,9.9,9.64,3.9
168,여수,2018-12-09,-2.7,3.7,,3.7,44.1,9.9,10.16,4.6
168,여수,2018-12-10,-.7,6.5,,4.5,32.3,9.9,8.92,2.8
168,여수,2018-12-11,4.2,7,.7,4.9,77.1,9.9,1.9,7.9
168,여수,2018-12-12,.4,5.8,,6.9,52.5,9.9,10.46,0
168,여수,2018-12-13,.2,8.3,,5.1,53.5,9.9,9.62,3
168,여수,2018-12-14,-1.4,6,,4.9,47.9,9.9,10.38,.3
168,여수,2018-12-15,-1.9,8.2,,1.7,40.6,9.8,10.36,2
168,여수,2018-12-16,2.6,6.1,3,1.6,71.6,9.9,1.28,7.1
168,여수,2018-12-17,4.1,8.4,,4.2,63.4,9.8,5.88,2.9
168,여수,2018-12-18,2.4,10.6,,3.4,52.4,9.8,9.2,1
168,여수,2018-12-19,3.9,13.4,,2.9,66.4,9.8,6.52,5.3
168,여수,2018-12-20,8.7,11,,3.3,74.1,9.8,.73,6.6
168,여수,2018-12-21,7.9,14.4,,4.4,70.8,9.8,5.83,3.6
168,여수,2018-12-22,8.2,14.6,.1,2.1,72,9.8,7.92,4.6
168,여수,2018-12-23,4,11.6,2,5.6,55.1,9.8,8.38,3.8
168,여수,2018-12-24,.1,8.6,,5.3,47.1,9.8,9.78,1.5
168,여수,2018-12-25,.4,6.6,,2.4,46.1,9.8,4.38,8
168,여수,2018-12-26,3.1,10.2,0,2.9,43,9.8,6.33,6.5
168,여수,2018-12-27,-4.6,3.2,,7.9,28.1,9.8,10.32,2.5
168,여수,2018-12-28,-6.6,.1,,7,44.1,9.9,9.79,.4
168,여수,2018-12-29,-4.3,1.2,,6.7,44.6,9.9,9.91,0
168,여수,2018-12-30,-3.6,3.7,,3.6,40.8,9.9,9.51,2.4
168,여수,2018-12-31,-.6,8.3,,3.9,32.1,9.9,9.03,3
168,여수,2019-01-01,-.4,5.6,,5.9,56.1,9.9,8.28,4.3
168,여수,2019-01-02,-1.3,5.2,,6.7,53.6,9.9,9.38,.6
168,여수,2019-01-03,-1.4,7,,3.3,46.4,9.9,9.38,0
168,여수,2019-01-04,-.4,6.4,0,2,50,9.9,2.28,6.8
168,여수,2019-01-05,2.2,9.7,,3.8,44.9,9.9,5.07,4.6
168,여수,2019-01-06,.4,9.3,,4.1,32,9.9,9.66,4.1
168,여수,2019-01-07,.4,8.9,,4.3,40.6,9.9,8.8,3
168,여수,2019-01-08,-.5,7.2,,6.4,47.3,10,9.13,2.8
168,여수,2019-01-09,-2.7,4.2,,3.7,46.1,10,5.98,7.3
168,여수,2019-01-10,2.4,7.7,,5.1,42.1,10,9.22,5.6
168,여수,2019-01-11,.9,8.1,0,3,57.4,10,8.97,6.8
168,여수,2019-01-12,5.1,9.2,.9,3.4,75.5,10,4.54,6.5
168,여수,2019-01-13,2.1,10.8,,2.2,62.5,10,9.52,0
168,여수,2019-01-14,1.3,10.4,,1.7,59,10.1,9.27,2.4
168,여수,2019-01-15,-.5,9.2,,5,56.9,10.1,7.74,4.5
168,여수,2019-01-16,-4.8,4.5,,6.7,37.6,10.1,11.16,1.5
168,여수,2019-01-17,-1,6.6,,5.7,52.8,10.1,10.12,.6
168,여수,2019-01-18,.4,10.2,,2.8,50.4,10.2,10.03,1.4
168,여수,2019-01-19,1.9,10.2,.1,1,72.3,10.2,5.44,8.3
168,여수,2019-01-20,-.6,7.4,0,6.6,50.6,10.2,10.86,2.9
168,여수,2019-01-21,-1.5,8.9,,6.1,51.1,10.2,10.82,0
168,여수,2019-01-22,2.3,11.2,,4.4,48.8,10.2,10.22,0
168,여수,2019-01-23,3.3,11.9,,4.7,51.6,10.3,10.03,.3
168,여수,2019-01-24,.1,9,,2.6,45,10.3,10.87,0
168,여수,2019-01-25,-.7,7.7,,4.8,40,10.3,4.73,6.3
168,여수,2019-01-26,-2.6,5,,6.8,36.4,10.3,11.83,0
168,여수,2019-01-27,-2.9,7.3,,3.1,49.1,10.4,11.57,0
168,여수,2019-01-28,1.3,10.2,,6.3,49.4,10.4,9.35,5.3
168,여수,2019-01-29,-1.3,8.6,,2.8,46,10.4,11.55,0
168,여수,2019-01-30,1.9,10.2,,2.1,49.9,10.5,6.1,9
168,여수,2019-01-31,-2.1,8.1,11.9,5.1,73.9,10.5,2,7
168,여수,2019-02-01,-2.5,4.1,,5.5,59,10.5,12.89,.8
168,여수,2019-02-02,-.8,9,,2.7,64.3,10.5,12.55,3.4
168,여수,2019-02-03,6,12.7,12.2,4.3,89.9,10.6,1.41,9.8
168,여수,2019-02-04,3.2,9.6,,3.3,43.9,10.6,13.85,1.3
168,여수,2019-02-05,2.6,11.3,,2.7,41.6,10.6,14.24,3
168,여수,2019-02-06,4.2,13.9,,2.1,52.1,10.7,12.1,4.9
168,여수,2019-02-07,0,9.4,0,5.8,52.3,10.7,4.75,7
168,여수,2019-02-08,-1.2,7,,3,33.9,10.7,12.19,6.9
168,여수,2019-02-09,-.7,3.5,,7,35.8,10.8,11.71,6
168,여수,2019-02-10,-1.6,7.3,,3.9,39.4,10.8,10.16,7.4
168,여수,2019-02-11,-2.1,6,,7.9,44,10.8,14.88,2.1
168,여수,2019-02-12,-1.6,7.1,,1.8,48.8,10.8,14.06,3.9
168,여수,2019-02-13,2,9.1,,4.1,42.3,10.9,14.05,3.3
168,여수,2019-02-14,1.9,8.7,,3.1,42.1,10.9,10.9,6.5
168,여수,2019-02-15,3.6,8.4,,3.2,53.1,10.9,5.13,8.8
168,여수,2019-02-16,-.6,4.7,,7.4,52,11,13.47,6.1
168,여수,2019-02-17,-2,8.7,,4.8,39.8,11,16.37,2.9
168,여수,2019-02-18,1,7.8,.1,1.8,47.6,11,4.92,9.4
168,여수,2019-02-19,3.6,10.1,33,5.6,89.5,11.1,3.99,6.8
168,여수,2019-02-20,2.9,9.5,,5.8,57.9,11.1,16.54,3.4
168,여수,2019-02-21,2.2,10.9,,2.4,58.5,11.1,15.89,4.6
168,여수,2019-02-22,4.9,11.3,,2.2,58.3,11.2,7.73,8
168,여수,2019-02-23,4.2,12.8,,3.1,60.8,11.2,15.61,5.1
168,여수,2019-02-24,5.5,13.8,,3,62.3,11.3,16.58,1.9
168,여수,2019-02-25,5.2,16.1,,2.6,52.4,11.3,16.26,3.3
168,여수,2019-02-26,4.4,13.5,,1.7,55.1,11.3,15.71,2.8
168,여수,2019-02-27,7.5,10.5,1.1,3.5,72.3,11.3,4.54,10
168,여수,2019-02-28,7.7,15,0,2.7,61.5,11.4,13.71,5.8
168,여수,2019-03-01,5.7,14.9,,3,49.4,11.4,15.3,3.5
168,여수,2019-03-02,7.9,13,,4.2,54.9,11.5,7.68,8.6
168,여수,2019-03-03,9.5,13.4,.3,3.3,58.6,11.5,7.35,9.6
168,여수,2019-03-04,9.9,16.2,,2.9,48.9,11.5,13.16,4.1
168,여수,2019-03-05,6.2,14.6,,2,56.8,11.6,8.21,5.9
168,여수,2019-03-06,8.7,13.1,3.4,3.3,67.3,11.6,9.85,5.6
168,여수,2019-03-07,6.3,14,,6.3,54.5,11.6,15.74,.6
168,여수,2019-03-08,3.6,14.2,,2.3,57.3,11.7,17.79,0
168,여수,2019-03-09,5,15,0,1.7,64.6,11.7,12.83,6.1
168,여수,2019-03-10,7.3,11.5,19.8,7.6,85.4,11.7,2.19,8.4
168,여수,2019-03-11,6,13.5,5.1,5,68.8,11.8,14.88,3.5
168,여수,2019-03-12,2.3,12.3,,6.2,66.6,11.8,18.16,3.1
168,여수,2019-03-13,1.5,11,,6.9,35.1,11.8,20.42,1.1
168,여수,2019-03-14,2.8,11.1,,3.9,47.1,11.9,19.35,1.5
168,여수,2019-03-15,4.1,13.2,3.1,4.8,60.9,11.9,15.56,7.1
168,여수,2019-03-16,4.1,10.6,,5.5,62.3,12,19.67,.4
168,여수,2019-03-17,6.1,15.7,,3.7,52.1,12,20.89,.4
168,여수,2019-03-18,5,13.5,,1.5,60.6,12,12.02,7.9
168,여수,2019-03-19,6.7,20.9,,2.6,52.5,12.1,19.28,1
168,여수,2019-03-20,10.7,15.6,31.4,3.1,81.8,12.1,5.94,9.3
168,여수,2019-03-21,6.3,15.5,.1,8.1,69.9,12.2,15.06,8.3
168,여수,2019-03-22,4.3,14.1,,7,47.9,12.2,21.83,3.6
168,여수,2019-03-23,3.2,12,0,5.7,37.3,12.2,18.5,3.5
168,여수,2019-03-24,1.5,11.5,,4.9,48.6,12.3,22.25,.5
168,여수,2019-03-25,3.9,11,,3.5,56,12.3,11.48,7.5
168,여수,2019-03-26,7.3,20.5,,4.2,57.9,12.3,20.46,0
168,여수,2019-03-27,9.6,16.1,,5.9,64.1,12.4,18.45,3.9
168,여수,2019-03-28,12.2,17.1,,2.2,74.9,12.4,15.67,6.5
168,여수,2019-03-29,10.1,17,,2.2,76.5,12.4,17.39,4
168,여수,2019-03-30,5.4,16,.1,6.4,52.3,12.5,19,5.1
168,여수,2019-03-31,3.9,11.6,,6.7,35.3,12.5,22.5,2.5
168,여수,2019-04-01,2.3,13.5,,5.1,40.1,12.6,21.54,1.4
168,여수,2019-04-02,5.6,15.2,,3.8,43.8,12.6,21.77,1.1
168,여수,2019-04-03,4.7,14.5,,5.5,32.5,12.6,22.75,0
168,여수,2019-04-04,6,15.4,,5,40,12.7,21.61,2.9
168,여수,2019-04-05,7.7,20.2,,4.8,51.5,12.7,18.81,1.5
168,여수,2019-04-06,8.9,18.4,,2.9,48.5,12.7,20.91,0
168,여수,2019-04-07,10.8,15.6,19.7,1.5,91.6,12.8,4.79,7.8
168,여수,2019-04-08,10.1,19,,2.5,71,12.8,21.54,2.5
168,여수,2019-04-09,7.7,14,17.5,6.9,66.8,12.8,8.93,8
168,여수,2019-04-10,6.7,10.4,3.1,6.7,78.5,12.9,5.09,9.9
168,여수,2019-04-11,7.8,12.8,,2.3,69.9,12.9,12.89,7.3
168,여수,2019-04-12,8.2,17.4,,2.7,64.8,12.9,22.65,2.6
168,여수,2019-04-13,9.4,17.1,,2.1,61.1,13,16.87,6.6
168,여수,2019-04-14,9.6,15.2,.1,3.3,61.1,13,6.5,6.3
168,여수,2019-04-15,6.6,17.2,,3,56,13.1,23.91,.4
168,여수,2019-04-16,9.3,19.9,,1.4,58,13.1,18.89,6.6
168,여수,2019-04-17,12.2,20,9.5,2.7,73,13.1,15.56,5.3
168,여수,2019-04-18,11.3,18.4,,3.8,77,13.1,24.46,0
168,여수,2019-04-19,12.1,15.6,,3.7,77.9,13.2,14.75,7.5
168,여수,2019-04-20,10.6,18.4,,2.7,74.5,13.2,23.49,1.1
168,여수,2019-04-21,12.5,21.8,,1.8,74.5,13.2,15.81,6.3
168,여수,2019-04-22,14.5,21.6,,2.1,70.1,13.3,22.19,3
168,여수,2019-04-23,14.7,16.5,11.7,3.6,82.1,13.3,2.18,9.6
168,여수,2019-04-24,15,19,5,3.9,97.8,13.4,10.5,8.5
168,여수,2019-04-25,13.5,16.1,4.3,1.7,93.3,13.4,3.47,9.9
168,여수,2019-04-26,10.6,15,.1,5.9,72.6,13.4,12.21,8.6
168,여수,2019-04-27,9.8,16.3,0,3.7,61.5,13.4,22.91,4.6
168,여수,2019-04-28,11.1,15.5,0,2.9,67.6,13.5,9.24,8.9
168,여수,2019-04-29,11,13.5,22.6,6.2,90.4,13.5,1.51,9.4
168,여수,2019-04-30,12.8,18.9,0,3.1,84.3,13.5,16.1,8.1
168,여수,2019-05-01,13.9,22,,3.8,66.1,13.6,19.18,4.1
168,여수,2019-05-02,11.9,25.2,,4.9,41.5,13.6,27.33,0
168,여수,2019-05-03,12.2,24.4,,1.9,43.3,13.6,26.7,0
168,여수,2019-05-04,13.1,24.3,,1.4,60.1,13.7,21.13,4
168,여수,2019-05-05,14.1,23.1,,2.5,53.4,13.7,24.3,3.8
168,여수,2019-05-06,13.5,22.3,,3.6,60.4,13.7,23.8,2.4
168,여수,2019-05-07,11.9,19.8,,3.1,53.4,13.7,26.06,.9
168,여수,2019-05-08,11.2,20.7,,2.6,45.1,13.8,18.71,5.8
168,여수,2019-05-09,14.2,22.1,,2.6,39,13.8,21.38,4.1
168,여수,2019-05-10,14.3,23.3,,1.9,49,13.8,22.24,3.9
168,여수,2019-05-11,13.6,24.5,,1.5,60.9,13.9,24.89,2
168,여수,2019-05-12,15.4,25.1,,2,52.3,13.9,25.99,2.8
168,여수,2019-05-13,15.2,22.6,,1.9,69.8,13.9,22.22,6.5
168,여수,2019-05-14,17.2,25.2,,1.5,79.4,14,24.64,3.3
168,여수,2019-05-15,17.8,24.6,,1.9,70.3,14,23.99,4.6
168,여수,2019-05-16,17.3,26.7,,1.2,65.4,14,24.02,3.5
168,여수,2019-05-17,17.5,24.4,4.3,2.4,74.4,14,16.49,7
168,여수,2019-05-18,16.4,18.7,61.5,7.8,92.1,14.1,1.37,10
168,여수,2019-05-19,17.7,19.8,22.7,4.9,96,14.1,3.45,10
168,여수,2019-05-20,13.6,20.8,.8,5.8,64.9,14.1,13.59,6.4
168,여수,2019-05-21,12.4,24.3,,4.8,43.6,14.1,29.08,0
168,여수,2019-05-22,14.8,23.4,,3.9,59.8,14.1,28.72,0
168,여수,2019-05-23,16.5,25.7,,3.2,66.9,14.2,25.85,.8
168,여수,2019-05-24,17.9,25.2,,3.1,69.8,14.2,24.29,.4
168,여수,2019-05-25,19.6,27.1,,3.4,55.8,14.2,20.65,6
168,여수,2019-05-26,19.3,25,.1,2.1,80.9,14.2,19.2,8
168,여수,2019-05-27,16.4,21.9,40.3,7.2,91.8,14.2,.48,9.1
168,여수,2019-05-28,14.5,23.9,,4.9,48.3,14.3,25.05,5.4
168,여수,2019-05-29,17.5,27.2,,4.2,42.6,14.3,28.38,.9
168,여수,2019-05-30,18.1,25.7,0,3.3,48.6,14.3,19.96,6.5
168,여수,2019-05-31,14.8,22.2,2.7,3.8,71.8,14.3,16.16,6.3
168,여수,2019-06-01,15.7,24,,2.2,67.8,14.3,21.23,7.3
168,여수,2019-06-02,17,23.7,,1.5,72.1,14.3,20.54,4.6
168,여수,2019-06-03,17.2,26,,1.1,71.1,14.4,24.88,1.3
168,여수,2019-06-04,18.3,27.2,,1.9,72,14.4,25.73,.6
168,여수,2019-06-05,20.3,28.5,,1.8,74.5,14.4,25.29,.6
168,여수,2019-06-06,18.3,24.3,45.1,3.2,92.3,14.4,14.22,7.9
168,여수,2019-06-07,17.3,20.6,11.1,4.1,96.9,14.4,3.84,10
168,여수,2019-06-08,17.7,22.4,0,1.4,85.1,14.4,19.25,7
168,여수,2019-06-09,17.7,22.2,,1.9,79.6,14.4,26.96,3.6
168,여수,2019-06-10,17.5,21.7,,2.8,73.4,14.5,13.75,8.9
168,여수,2019-06-11,17.1,21.9,0,3,76.4,14.5,11.62,9.1
168,여수,2019-06-12,17.1,24.1,,1.8,81.1,14.5,23.86,3.5
168,여수,2019-06-13,17.2,23.2,,1.2,81.9,14.5,23.39,5.5
168,여수,2019-06-14,18.1,21.5,8.2,2.9,83.5,14.5,4.87,9.9
168,여수,2019-06-15,17.7,27.3,0,5.2,64.8,14.5,26.17,3.4
168,여수,2019-06-16,17.8,24.1,,3.4,75.6,14.5,22.81,4.8
168,여수,2019-06-17,19.5,24.6,,3,79.3,14.5,23.79,6.3
168,여수,2019-06-18,19.9,26.2,,3.3,78.5,14.5,13.1,7.8
168,여수,2019-06-19,19.3,27.2,.3,1.7,80.1,14.5,23.41,3.5
168,여수,2019-06-20,20.9,27.3,,2.8,74,14.5,21.14,4.1
168,여수,2019-06-21,21.2,27.4,,3.1,73.5,14.5,25.32,2.3
168,여수,2019-06-22,20.1,24.7,.4,2.5,79.3,14.5,23.56,6.8
168,여수,2019-06-23,19.6,24.8,,2.7,75,14.5,23.07,4.6
168,여수,2019-06-24,20.1,24.4,,2.4,80.4,14.5,17.28,6
168,여수,2019-06-25,20.2,25.7,,2.2,76,14.5,23.68,3.4
168,여수,2019-06-26,18,23.5,87.7,5.6,93.1,14.5,.86,10
168,여수,2019-06-27,21.9,26.8,30.9,3,94.5,14.5,17.41,6.6
168,여수,2019-06-28,21.6,25.2,,2.1,90.8,14.5,22.66,5.3
168,여수,2019-06-29,20.3,23.7,105.4,2.8,98.8,14.5,.89,9.8
168,여수,2019-06-30,22.6,26.2,.1,3.5,85,14.5,15.92,7.5
168,여수,2019-07-01,22.2,25.3,.4,2.7,88,14.5,7.38,9.4
168,여수,2019-07-02,22,26.5,,3.1,83.1,14.4,20.37,6.5
168,여수,2019-07-03,21.1,25,,1.4,88.3,14.4,12.64,8
168,여수,2019-07-04,20.5,28.9,,1.4,76.8,14.4,25.44,4.5
168,여수,2019-07-05,22.5,27.6,,1.2,73.4,14.4,19.83,5.1
168,여수,2019-07-06,21.2,27.5,,3.2,66.9,14.4,27.13,.4
168,여수,2019-07-07,21.7,25.8,0,5.6,70.8,14.4,20.75,7.4
168,여수,2019-07-08,19.6,25.5,3.1,3.4,74.8,14.4,17.58,8.1
168,여수,2019-07-09,21.2,26.4,,4.5,71.4,14.4,13.86,8.3
168,여수,2019-07-10,20.6,22.8,25.1,7.3,87.4,14.4,1.53,10
168,여수,2019-07-11,21.5,26.4,0,5.1,80.8,14.4,19.43,7.3
168,여수,2019-07-12,21.1,28.8,,4.5,74.3,14.3,23.87,6.5
168,여수,2019-07-13,21.5,23.7,.4,2,87.1,14.3,8.93,8.6
168,여수,2019-07-14,21.3,27.1,,1.7,80.6,14.3,22.8,6.3
168,여수,2019-07-15,22.4,26.7,,1.5,83.9,14.3,21.56,4.4
168,여수,2019-07-16,21.7,26.7,,1.8,83,14.3,24.45,2.4
168,여수,2019-07-17,22.2,26.7,28.7,2.8,81.5,14.2,19.7,7.5
168,여수,2019-07-18,21.5,23.2,12.5,4.1,95.1,14.2,4.59,10
168,여수,2019-07-19,22.6,24.6,119.4,4.5,98.6,14.2,.21,10
168,여수,2019-07-20,22.9,25.1,88.1,8.5,99,14.2,.78,10
168,여수,2019-07-21,22.8,25.9,25.4,6.2,94.4,14.2,12.16,6.6
168,여수,2019-07-22,22.9,28.1,,2.9,96.4,14.1,20.06,7.3
168,여수,2019-07-23,24,29.4,,3,93,14.1,23.13,6.9
168,여수,2019-07-24,24.1,27.2,,1.9,96.5,14.1,11.14,9.1
168,여수,2019-07-25,24.5,27.2,0,1.8,97.4,14.1,8.49,9.5
168,여수,2019-07-26,24.7,26.6,.2,3.6,100,14.1,3.9,9.8
168,여수,2019-07-27,25.1,27,.2,1.5,99.4,14,3.6,10
168,여수,2019-07-28,25.5,28.2,,4.8,95,14,14.35,6.4
168,여수,2019-07-29,25.7,30.5,,3.1,89.4,14,24.03,4.3
168,여수,2019-07-30,26,30.4,,4.1,92.5,14,23.65,4.4
168,여수,2019-07-31,26.2,30.6,,4,89.6,13.9,25.1,2.5
168,여수,2019-08-01,25.7,31.3,,2.4,87.1,13.9,26.44,.9
168,여수,2019-08-02,26.1,33.1,,1.6,80.4,13.9,26,.8
168,여수,2019-08-03,26.3,32.1,,2.2,78.1,13.8,22.42,3.5
168,여수,2019-08-04,25.9,32,,2.2,78.3,13.8,24.21,1
168,여수,2019-08-05,25.6,32,,1.5,74.5,13.8,24.45,1.6
168,여수,2019-08-06,25.5,30,.2,4.7,74.5,13.8,8.31,7.9
168,여수,2019-08-07,25.4,31.3,,3.4,86.3,13.7,24.52,3.9
168,여수,2019-08-08,25.9,32.7,,1.3,78.9,13.7,22.07,3.4
168,여수,2019-08-09,26.1,31.7,,1.5,76.4,13.7,16.64,6.1
168,여수,2019-08-10,26.2,31.8,,4.2,77.8,13.6,21.14,6
168,여수,2019-08-11,26.8,30.1,1.2,5.3,81.9,13.6,14.9,8.5
168,여수,2019-08-12,26.5,28.7,2.1,2.6,91.6,13.6,3.64,7.4
168,여수,2019-08-13,25.8,33.9,,2.2,77.1,13.6,23.66,4.4
168,여수,2019-08-14,27.6,33.8,0,6.6,67.8,13.5,24.04,4.8
168,여수,2019-08-15,27,31.9,.1,6.1,72,13.5,15.22,6.9
168,여수,2019-08-16,26,31.2,,5.5,74.1,13.5,18.52,3
168,여수,2019-08-17,24.1,29.3,,4,78.5,13.4,23.87,1.3
168,여수,2019-08-18,25.4,31.6,,2.9,71.9,13.4,21.15,2
168,여수,2019-08-19,23.5,30,,1.8,73.5,13.4,16.45,7.3
168,여수,2019-08-20,25.2,29.1,,3.5,78.9,13.3,11.88,5.5
168,여수,2019-08-21,25.1,27.9,18.4,2.5,87.9,13.3,6.9,9.4
168,여수,2019-08-22,25.4,29.8,13.5,6,88,13.3,9.49,8.4
168,여수,2019-08-23,24.6,27.5,0,3.5,77.6,13.2,8.64,7.9
168,여수,2019-08-24,21.9,28.3,,3.5,67.3,13.2,14.58,6
168,여수,2019-08-25,22.6,26.3,.1,2.6,77.3,13.2,7.78,7.4
168,여수,2019-08-26,22.2,27.6,3.2,2.4,81.1,13.1,16,8
168,여수,2019-08-27,21.5,24.1,22.4,3.2,99.5,13.1,1.44,9.5
168,여수,2019-08-28,22.7,26.6,1.8,2,93.5,13.1,8.39,8.4
168,여수,2019-08-29,21.5,23.5,3.5,2.3,93.6,13,3.82,9.6
168,여수,2019-08-30,21,28.7,,3.7,69.4,13,23.86,1.6
168,여수,2019-08-31,21,28,,3.1,74.4,13,19.67,4.8
168,여수,2019-09-01,21.1,25.5,1,2.1,84.5,12.9,5.85,9.5
168,여수,2019-09-02,20.1,22,48.2,5.3,96.8,12.9,3.69,10
168,여수,2019-09-03,21.2,23.2,35.7,4.3,99,12.9,3.56,10
168,여수,2019-09-04,22.9,24.6,7.5,2.2,98.6,12.8,1.98,9.4
168,여수,2019-09-05,23.7,27.8,.1,2.1,89.5,12.8,14.37,8.1
168,여수,2019-09-06,24.6,29,7.3,5.8,83.3,12.8,10.51,8.8
168,여수,2019-09-07,23.4,27.6,16.2,8.6,90.1,12.7,5.85,7.9
168,여수,2019-09-08,22.7,26.9,1.1,1,95.8,12.7,10.26,8.6
168,여수,2019-09-09,23.7,28.4,5,3.3,91.1,12.6,11.62,8.8
168,여수,2019-09-10,24.3,28.7,0,1.4,87.1,12.6,16.06,5.3
168,여수,2019-09-11,23.1,29,3.2,2.2,89.3,12.6,12.7,8.9
168,여수,2019-09-12,20.7,23.2,.1,6.7,79.8,12.5,5.74,9
168,여수,2019-09-13,20.8,26.6,,4.4,69.1,12.5,21.94,2.4
168,여수,2019-09-14,20.4,28.1,,2.6,69.8,12.5,20.92,.4
168,여수,2019-09-15,22.9,28.8,,1.9,79.5,12.4,13.14,5.9
168,여수,2019-09-16,22.4,27.4,0,2.2,79.1,12.4,19.08,4
168,여수,2019-09-17,21.2,26.8,,4.3,58.4,12.4,22.44,.4
168,여수,2019-09-18,20.1,29,,2,65.3,12.3,16.66,2.1
168,여수,2019-09-19,20.3,25.2,,3.5,65.6,12.3,22.1,.4
168,여수,2019-09-20,19.1,25.2,0,5.9,64,12.3,19.29,6.6
168,여수,2019-09-21,17.5,21.1,81.9,8.7,88.8,12.2,.99,10
168,여수,2019-09-22,17.4,21.5,58,17.9,82.4,12.2,.69,10
168,여수,2019-09-23,18,21.5,.3,2.7,84,12.2,7.79,8.6
168,여수,2019-09-24,16.8,24.3,,2.1,77.4,12.1,20.25,2.5
168,여수,2019-09-25,17.1,23.9,,3.1,72.5,12.1,16.89,5.9
168,여수,2019-09-26,19.6,25.7,,4.4,71.1,12,17.51,4
168,여수,2019-09-27,21.2,24,14.4,3.9,84.3,12,7.22,8.9
168,여수,2019-09-28,21.5,24.3,.1,2.3,96.8,12,6.14,9.4
168,여수,2019-09-29,22.7,27.9,,1.6,90.8,11.9,17.24,5.3
168,여수,2019-09-30,22.5,27.1,,1.4,91.9,11.9,12.57,6.6
168,여수,2019-10-01,20.7,23.4,57,2.7,93.8,11.9,2.15,10
168,여수,2019-10-02,20.3,24.1,133.2,7.2,95,11.8,.55,10
168,여수,2019-10-03,21.8,27,.5,7.2,77.9,11.8,15.03,4
168,여수,2019-10-04,20.1,25.8,,2,83.1,11.8,17.64,2.3
168,여수,2019-10-05,19.3,24.7,,3.8,75.9,11.7,13.52,5.8
168,여수,2019-10-06,18.3,21.7,.3,5.2,69.1,11.7,15.51,6.8
168,여수,2019-10-07,17.1,18.3,1.2,5,82.5,11.6,2.05,9.3
168,여수,2019-10-08,14.9,22.9,,4.6,59,11.6,14.58,3.5
168,여수,2019-10-09,11.3,21.9,,2.7,48.9,11.6,18.36,.6
168,여수,2019-10-10,13.6,23.1,,2.1,63.1,11.5,17.43,1.3
168,여수,2019-10-11,17,24.8,,3.5,55.4,11.5,17.16,0
168,여수,2019-10-12,18.1,24.1,,8.8,51.1,11.5,16.43,0
168,여수,2019-10-13,16.6,22,,7,52.6,11.4,16.54,0
168,여수,2019-10-14,15.1,23.7,,4.4,62.1,11.4,15.74,0
168,여수,2019-10-15,15.2,18.3,,4.7,66.3,11.4,7.97,6.5
168,여수,2019-10-16,13.9,19.7,,3.3,63.3,11.3,16.19,2.3
168,여수,2019-10-17,14.7,19.5,,4.9,67.5,11.3,10.05,7.4
168,여수,2019-10-18,15.6,17.7,6.4,7.3,77,11.3,1.51,9
168,여수,2019-10-19,16.2,23.8,.1,2.3,74.9,11.2,16.66,2.1
168,여수,2019-10-20,16.8,22.6,,2.3,72.4,11.2,15.63,1.8
168,여수,2019-10-21,15.8,21.7,,3.9,64,11.2,16.23,1.3
168,여수,2019-10-22,16.9,22.1,,4.9,65.5,11.1,11.46,6
168,여수,2019-10-23,17.1,19.9,0,5.5,67.6,11.1,5.83,7.8
168,여수,2019-10-24,17.6,21.4,,7.1,64.4,11,8.35,6.9
168,여수,2019-10-25,17,23.8,,3.5,64.4,11,13.13,4.4
168,여수,2019-10-26,12.3,18.4,,6.8,59.3,11,14.7,5.5
168,여수,2019-10-27,11.1,18.7,,4.1,53,11,13.72,3.6
168,여수,2019-10-28,10.9,18.2,,2.6,59.5,10.9,13.74,3.1
168,여수,2019-10-29,13.1,20.2,,3.7,60.6,10.9,12.02,.3
168,여수,2019-10-30,11.5,19.7,,3.8,56.5,10.9,14.05,0
168,여수,2019-10-31,10.6,21.8,,3.3,60.4,10.8,13.78,0
168,여수,2019-11-01,14.8,22.8,,2.3,68.6,10.8,12.52,.5
168,여수,2019-11-02,15,21,,2.4,72.9,10.8,10.39,4.6
168,여수,2019-11-03,15.1,21,,1.6,73,10.7,9.68,4.9
168,여수,2019-11-04,14.3,19,,3.5,68.5,10.7,9.93,6.1
168,여수,2019-11-05,13.4,20,,3.2,66.1,10.7,12.97,1.6
168,여수,2019-11-06,10.8,19.5,,2.1,61.1,10.6,12.87,2.4
168,여수,2019-11-07,10.8,18.2,,7,56.1,10.6,9.74,4.9
168,여수,2019-11-08,8.7,17.8,,4.2,43.3,10.6,12.06,0
168,여수,2019-11-09,7.5,18.3,,1.3,46.1,10.6,11.81,0
168,여수,2019-11-10,10.7,17.2,3,3.1,62,10.5,6.5,7.4
168,여수,2019-11-11,11.9,19.5,0,5.7,62.6,10.5,12.5,2.3
168,여수,2019-11-12,10.1,17.5,,2.8,63.5,10.5,11.62,2.1
168,여수,2019-11-13,11,15.3,0,3.5,69.4,10.4,3.76,6.8
168,여수,2019-11-14,5.9,12.4,,4.6,44.4,10.4,12.64,.5
168,여수,2019-11-15,5.7,15.9,,3.3,55.8,10.4,11.61,0
168,여수,2019-11-16,10.3,18.8,,1.9,76.1,10.4,10.97,.6
168,여수,2019-11-17,13.6,20.2,0,3.9,82.6,10.3,1.46,9.5
168,여수,2019-11-18,6.1,20.3,10.9,7.7,64.8,10.3,5.69,8.9
168,여수,2019-11-19,4.9,8.9,,4.7,55.6,10.3,11.57,3.5
168,여수,2019-11-20,3.6,11.3,,2.7,52.9,10.3,11.9,0
168,여수,2019-11-21,6.2,13,,4.9,45.1,10.2,10.89,3.4
168,여수,2019-11-22,10.5,16.8,,5.1,64.9,10.2,11.31,.8
168,여수,2019-11-23,11.9,18.7,0,3.9,71.4,10.2,11.23,2.9
168,여수,2019-11-24,13.3,19.5,.8,2.9,84.5,10.2,5.21,7
168,여수,2019-11-25,7.2,13.3,,6.2,59.6,10.1,6.61,6.4
168,여수,2019-11-26,9.7,14,,5,63.9,10.1,10.33,5.1
168,여수,2019-11-27,7.5,11.9,0,4,58.5,10.1,.8,9.6
168,여수,2019-11-28,8.1,12.9,,4.6,59.4,10.1,10.06,3.8
168,여수,2019-11-29,4.7,12.7,,3.3,50.6,10.1,10.65,.3
168,여수,2019-11-30,6.3,15.7,0,3,51.5,10,10.56,4.8
168,여수,2019-12-01,7.5,12,21.2,4.3,84,10,.77,10
168,여수,2019-12-02,3.6,8.3,,6.2,60,10,8.67,4.9
168,여수,2019-12-03,2,9.2,,3.5,60.1,10,10.04,3.4
168,여수,2019-12-04,4.1,12.7,,2.9,53.8,10,11.23,.9
168,여수,2019-12-05,-.4,9.6,,4.8,49.3,10,10.88,1.4
168,여수,2019-12-06,-2.7,3.9,,3.5,38.6,9.9,7.14,3.8
168,여수,2019-12-07,-2.4,8.6,,3.7,45.5,9.9,10.94,0
168,여수,2019-12-08,2.4,9.4,,2.8,62.8,9.9,10.3,0
168,여수,2019-12-09,1.9,11.3,,2,62.8,9.9,9.32,0
168,여수,2019-12-10,6.3,15,,1.6,81.6,9.9,8.74,1.5
168,여수,2019-12-11,5.5,16.4,,4.5,70.4,9.9,8.59,3
168,여수,2019-12-12,3.6,9.1,,4.3,39.5,9.9,10,.6
168,여수,2019-12-13,2.5,9.2,,2.6,52.5,9.9,6.31,4.1
168,여수,2019-12-14,6.4,11.3,,4.5,49.4,9.9,9.06,4.1
168,여수,2019-12-15,7.1,12.7,,4.6,59.5,9.9,8.6,3.5
168,여수,2019-12-16,8.2,13.3,,2.9,67.3,9.9,7.12,2
168,여수,2019-12-17,9,13.3,.3,3.5,82.6,9.8,2.09,8.6
168,여수,2019-12-18,4.9,12,,7.2,54.4,9.8,9.42,4
168,여수,2019-12-19,2.9,9.6,,7,39.6,9.8,8.32,6.4
168,여수,2019-12-20,2,7.6,,4.5,54.6,9.8,6.07,6.1
168,여수,2019-12-21,2.1,6,,3.1,53.5,9.8,1.22,7.3
168,여수,2019-12-22,4.7,8.8,,4.1,56.5,9.8,2.34,5.8
168,여수,2019-12-23,4.1,11.9,0,4.5,59.3,9.8,7.67,3
168,여수,2019-12-24,3.9,10.4,,2.8,54.3,9.8,9.21,3.6
168,여수,2019-12-25,4.6,15.3,,1.9,56.9,9.8,8.5,3.9
168,여수,2019-12-26,4.2,10.3,.3,5.1,60.1,9.8,1,9
168,여수,2019-12-27,1.6,6.8,,7.3,51.3,9.8,9.93,1.1
168,여수,2019-12-28,.4,8.5,,2,51.8,9.9,9.31,.8
168,여수,2019-12-29,3.4,6.6,6.7,5.7,70.6,9.9,1.57,9.8
168,여수,2019-12-30,3.2,12.7,.1,3.4,81.1,9.9,3.45,6.5
168,여수,2019-12-31,-3.2,3.1,,8.7,38.4,9.9,11.8,.9
168,여수,2020-01-01,-4.1,6.4,,4.4,51.1,9.9,10.87,.9
168,여수,2020-01-02,.5,9.6,,3.5,58.9,9.9,9.05,.1
168,여수,2020-01-03,3.8,10.5,,6.3,55.8,9.9,9.77,2
168,여수,2020-01-04,1.9,9.3,,4.8,55,9.9,9.34,2
168,여수,2020-01-05,1.5,10,,1.7,55.6,9.9,10.55,2.8
168,여수,2020-01-06,6.1,8,13.6,6.2,78.4,9.9,.6,10
168,여수,2020-01-07,6.9,17.4,28.6,5.9,95.3,9.9,.44,10
168,여수,2020-01-08,4.6,12.5,.2,8.3,71.3,10,3.92,8.1
168,여수,2020-01-09,2.4,7.7,,7.4,55.5,10,7.98,6.9
168,여수,2020-01-10,.1,9.9,,2.5,56.9,10,10.47,3.4
168,여수,2020-01-11,2.3,10.1,,4,52.4,10,9.64,4.9
168,여수,2020-01-12,2.6,7.6,,8,53.9,10,10,4.3
168,여수,2020-01-13,.8,7,,5.5,54.4,10,8.85,5
168,여수,2020-01-14,.9,4.7,0,2.7,56.3,10.1,2.5,6.3
168,여수,2020-01-15,.1,6.6,,4.4,50.6,10.1,9.99,2.6
168,여수,2020-01-16,.6,7.2,,2.2,44,10.1,7.46,8.5
168,여수,2020-01-17,2.8,10,,3.2,32.1,10.1,7.32,5
168,여수,2020-01-18,1.3,10.3,,6.4,35.4,10.1,10.86,0
168,여수,2020-01-19,2.3,7.9,,5,62.4,10.2,5.01,4
168,여수,2020-01-20,2.8,8.8,,4.2,55.8,10.2,8.83,1.9
168,여수,2020-01-21,-.7,7.8,,3.6,47,10.2,11.37,2.1
168,여수,2020-01-22,5.5,7,19.6,6.2,82.3,10.2,.39,10
168,여수,2020-01-23,6.7,10.2,.9,3.4,94,10.3,5.18,9.8
168,여수,2020-01-24,5.5,11.8,,2.8,62.8,10.3,11.91,7.5
168,여수,2020-01-25,7.9,9.6,,4.9,72.6,10.3,2.86,9.3
168,여수,2020-01-26,7.2,10.4,0,5.9,66.5,10.3,5.32,8.6
168,여수,2020-01-27,5.4,9,15,8,83.6,10.4,.34,10
168,여수,2020-01-28,6.8,11.3,,2.8,64.9,10.4,9.64,8.4
168,여수,2020-01-29,6.1,8.9,3.1,2.1,80,10.4,2.58,9.8
168,여수,2020-01-30,5,9.1,.3,3.3,73.1,10.4,7.44,5.9
168,여수,2020-01-31,2.9,8.7,,5.3,63.5,10.5,9.47,1.9
168,여수,2020-02-01,1.4,9.1,,5.6,58.5,10.5,12.24,1
168,여수,2020-02-02,2.5,10,,3.9,55.6,10.5,11.61,1.9
168,여수,2020-02-03,1.6,7.9,,5.8,53,10.5,12.41,2.1
168,여수,2020-02-04,-1,9.5,,3.6,46.9,10.6,13.86,0
168,여수,2020-02-05,-3,3.8,,7.4,39,10.6,14.99,0
168,여수,2020-02-06,-4.8,4.6,,3.6,32,10.6,12.88,4.4
168,여수,2020-02-07,1,9.7,,4,38.8,10.7,11.95,5
168,여수,2020-02-08,1.5,7.6,,6.6,47.6,10.7,12.75,1.1
168,여수,2020-02-09,-.5,8.9,,4.6,47,10.7,14.33,0
168,여수,2020-02-10,1.9,13,,3.1,57.3,10.8,11.67,1.5
168,여수,2020-02-11,4.8,12.4,0,2.6,63.3,10.8,8.58,6.5
168,여수,2020-02-12,9.2,11.7,36.5,3.9,96,10.8,1.53,9.3
168,여수,2020-02-13,7.5,14.1,,3.4,85.5,10.9,13.15,5.3
168,여수,2020-02-14,7.1,16.1,,1.1,82.3,10.9,15.21,3
168,여수,2020-02-15,8.9,15.7,1.2,3.1,75,10.9,11.07,7.5
168,여수,2020-02-16,.2,11.6,5,8.1,70.5,11,6.41,8.8
168,여수,2020-02-17,-2.5,1.8,.2,8.1,65.6,11,14.02,6.3
168,여수,2020-02-18,-2.6,6.7,,7.4,48.4,11,17.2,1.5
168,여수,2020-02-19,.2,10.7,,2.5,50.1,11.1,14.93,4.3
168,여수,2020-02-20,4.9,13.6,,2.2,50.6,11.1,15.92,2.3
168,여수,2020-02-21,5.7,13.3,2.2,2.2,67,11.1,14.23,5
168,여수,2020-02-22,4.2,12.3,.9,6.8,51.3,11.2,15.1,2.4
168,여수,2020-02-23,1.8,11,,4.3,53.3,11.2,16.33,0
168,여수,2020-02-24,2.7,14.4,.1,1.9,61.8,11.2,13.79,5.4
168,여수,2020-02-25,8.2,14,13.9,3.4,98.4,11.3,.3,10
168,여수,2020-02-26,7.4,13.2,0,4.3,75,11.3,7.59,5.8
168,여수,2020-02-27,5.4,9.1,,3.5,69.5,11.3,7.68,6.8
168,여수,2020-02-28,6.4,7.9,1.3,4.2,78.1,11.4,1.41,8.8
168,여수,2020-02-29,6.4,10.9,,4.1,75.3,11.4,5.84,6.9
168,여수,2020-03-01,7.2,13.5,0,3.3,69.6,11.5,10.52,7.5
168,여수,2020-03-02,4.8,12.6,,4.7,47.9,11.5,17.4,3.1
168,여수,2020-03-03,6.9,11.7,,3.4,67.3,11.5,9.18,8.6
168,여수,2020-03-04,.9,10.8,0,6.5,51.5,11.6,16.78,5.3
168,여수,2020-03-05,.3,10.8,0,5.3,42,11.6,18.62,.6
168,여수,2020-03-06,1.4,11.3,,1.9,58,11.6,18.6,.9
168,여수,2020-03-07,6.3,8.9,4.2,3.7,84,11.7,1.85,8
168,여수,2020-03-08,5,14.7,,2.3,73.3,11.7,19.79,0
168,여수,2020-03-09,7.5,11.9,10.6,5.2,83.3,11.7,3.21,9.1
168,여수,2020-03-10,4.7,10.8,5.9,6.3,78.3,11.8,5.88,7.6
168,여수,2020-03-11,3.4,10.8,,6.5,38.6,11.8,21.49,0
168,여수,2020-03-12,2.2,12.7,,2.9,56.3,11.8,20.83,2.4
168,여수,2020-03-13,7.6,16.3,,4.1,46.8,11.9,17.59,6.9
168,여수,2020-03-14,2.3,10.8,,7.7,33.8,11.9,22,2.4
168,여수,2020-03-15,3.1,13.6,,6.9,42.4,12,17.29,2.5
168,여수,2020-03-16,1.3,10.6,,4.8,45.1,12,20.77,1.9
168,여수,2020-03-17,3.9,17,,5.2,54.8,12,19.48,.9
168,여수,2020-03-18,6.9,16.2,,2.4,60.5,12.1,20.58,0
168,여수,2020-03-19,7.6,16.6,,7.1,58,12.1,18.7,1.1
168,여수,2020-03-20,6.4,13.1,,5.3,43.8,12.1,20.1,0
168,여수,2020-03-21,7.4,17.6,,3.2,71.4,12.2,18.18,0
168,여수,2020-03-22,10.6,19.4,,3.5,70.8,12.2,16.54,3.4
168,여수,2020-03-23,7.3,18.8,,4,39.4,12.2,20.29,0
168,여수,2020-03-24,7.6,16.6,,2.4,58.1,12.3,19.75,0
168,여수,2020-03-25,8.9,16.2,,2.4,61.9,12.3,20.56,3
168,여수,2020-03-26,10.9,15.1,31,3.1,94.1,12.4,.47,10
168,여수,2020-03-27,8,18.5,.6,5.1,80.3,12.4,11.64,7.8
168,여수,2020-03-28,7.8,11.5,,3.7,52.8,12.4,5.63,9.3
168,여수,2020-03-29,7.1,14.4,,3.6,62.6,12.5,18.61,4.8
168,여수,2020-03-30,9.7,16.1,,2.5,65.8,12.5,18.64,5.9
168,여수,2020-03-31,9.1,18.2,,2.5,64.9,12.5,21.34,3.4
168,여수,2020-04-01,8.3,19.3,1.6,6.3,46.6,12.6,15.93,4.6
168,여수,2020-04-02,6.2,15.7,,3.3,46.4,12.6,20.51,3.8
168,여수,2020-04-03,8.3,17.6,,3.5,34,12.7,21.96,2
168,여수,2020-04-04,6.8,20.6,,7.1,33.9,12.7,22.26,0
168,여수,2020-04-05,4.8,13.9,,4.5,36.1,12.7,23.59,1.6
168,여수,2020-04-06,5.2,15.9,,2.5,45.9,12.8,20.16,3.9
168,여수,2020-04-07,9.4,20.9,,5.4,32.4,12.8,21.52,1.8
168,여수,2020-04-08,9.7,19.2,,6.5,26.5,12.8,21.89,1.1
168,여수,2020-04-09,7.1,18.5,,4.6,30.5,12.9,21.36,2.6
168,여수,2020-04-10,9.9,11.9,0,3.2,65.4,12.9,4,9.5
168,여수,2020-04-11,7.8,11.1,11,2.3,85.6,12.9,5.45,9.4
168,여수,2020-04-12,7.7,11.5,1.5,5,69.4,13,5.79,7.9
168,여수,2020-04-13,8.3,15.8,,4.3,44.9,13,20.37,2.9
168,여수,2020-04-14,8.1,21.2,,3.2,49.8,13,24.31,1.8
168,여수,2020-04-15,10.3,16.9,,2.8,44.4,13.1,16.73,6.4
168,여수,2020-04-16,10.3,16.8,,3.7,68.3,13.1,23.08,3.1
168,여수,2020-04-17,10.2,13,37.3,3.9,93.8,13.1,11.7,7.3
168,여수,2020-04-18,10.1,18.4,,4.6,72.6,13.2,26.16,.8
168,여수,2020-04-19,10.6,13.4,29.1,5.2,88.4,13.2,1.88,9.6
168,여수,2020-04-20,10.4,18.7,0,5.5,67.6,13.2,23.29,6.6
168,여수,2020-04-21,7.8,16.6,,6.6,35.1,13.3,26.26,6.3
168,여수,2020-04-22,5.9,14.3,,7.4,36.4,13.3,26.6,2
168,여수,2020-04-23,5.1,15.7,,6.3,42.9,13.3,24.36,1.4
168,여수,2020-04-24,6.7,14.6,,5.9,42.6,13.4,26.46,0
168,여수,2020-04-25,9.6,18,,5.6,66.8,13.4,23.92,0
168,여수,2020-04-26,9.2,20.3,,5.4,50.3,13.4,24.21,3.3
168,여수,2020-04-27,11,19.5,,4,47.3,13.5,23.35,2.1
168,여수,2020-04-28,10.5,20,,5.4,39.9,13.5,24.59,0
168,여수,2020-04-29,11.3,20.2,,4.1,42.8,13.5,24.67,0
168,여수,2020-04-30,11.3,20.3,,3,73.4,13.6,20.43,4.4
168,여수,2020-05-01,16.4,21.5,,2.8,87.1,13.6,17.28,5.5
168,여수,2020-05-02,16.2,20.4,1.8,2,92.9,13.6,9.84,8.6
168,여수,2020-05-03,15.5,17.3,28.7,4.3,100,13.7,1.14,10
168,여수,2020-05-04,17,23.8,,2,84.5,13.7,25.21,3.8
168,여수,2020-05-05,15.1,18.3,0,1.5,91.4,13.7,6.03,9.3
168,여수,2020-05-06,14.9,22,0,2.5,72.3,13.7,26.69,3.3
168,여수,2020-05-07,14.6,20.5,,5.7,44,13.8,26.97,4.3
168,여수,2020-05-08,13.6,18.7,0,3.6,61.6,13.8,16.95,7.3
168,여수,2020-05-09,14.7,18.6,64.7,4.9,98,13.8,1.05,9
168,여수,2020-05-10,13.8,21.8,,6.1,75.1,13.9,17.68,5.6
168,여수,2020-05-11,15.2,26.5,,4.4,60.5,13.9,26.05,.6
168,여수,2020-05-12,14.3,22,,6.5,54.8,13.9,24.3,1
168,여수,2020-05-13,12.7,23.4,,4.9,46.5,13.9,26.58,0
168,여수,2020-05-14,15,22.8,0,1.6,54.8,14,16.76,6.4
168,여수,2020-05-15,15.6,18.6,30.5,3.9,93.4,14,.96,10
168,여수,2020-05-16,15.6,23,.7,2,92.6,14,18.89,8.3
168,여수,2020-05-17,15.6,20.4,,1.9,93.9,14,14.51,8.5
168,여수,2020-05-18,15.8,19.4,6.3,3.6,90.9,14.1,5.25,9
168,여수,2020-05-19,12.9,18.1,.2,6.6,67.8,14.1,13.67,4
168,여수,2020-05-20,12.5,20.7,,4,73.8,14.1,18.36,3.9
168,여수,2020-05-21,14.1,17.6,,3.4,79.8,14.1,16.93,7.1
168,여수,2020-05-22,13.9,20.9,,3.2,75.9,14.2,21.03,3.6
168,여수,2020-05-23,14,21.5,,2.2,77.6,14.2,26.26,.9
168,여수,2020-05-24,14.9,23.1,0,2.3,84.3,14.2,19.4,6.6
168,여수,2020-05-25,17.3,23.2,,2.6,75.3,14.2,15.87,7.6
168,여수,2020-05-26,17.8,22.2,,2.4,77,14.2,15.23,6.9
168,여수,2020-05-27,17.2,23.8,,3.4,64,14.3,23.86,5.4
168,여수,2020-05-28,15.7,22.3,,4,62.3,14.3,26.19,1.9
168,여수,2020-05-29,16.4,24,,2.4,63.4,14.3,25.06,4.5
168,여수,2020-05-30,18.1,23.6,0,3,58.4,14.3,11.83,9.3
168,여수,2020-05-31,16.2,21.7,6.5,1.8,84.1,14.3,12.17,10
168,여수,2020-06-01,18.7,27.7,,4.4,60,14.3,25.65,4.3
168,여수,2020-06-02,16.3,24.7,,2.4,63,14.4,26.55,3
168,여수,2020-06-03,18.7,23.4,0,2,91.5,14.4,10.75,8.8
168,여수,2020-06-04,19.5,25.6,,4.4,84.1,14.4,25.38,5.8
168,여수,2020-06-05,20.6,27.3,,2.3,80.6,14.4,21.33,6.6
168,여수,2020-06-06,18.9,25.1,1.3,2.2,82.1,14.4,19.52,7.4
168,여수,2020-06-07,18.6,25.1,,1.2,63.6,14.4,26.04,1.5
168,여수,2020-06-08,18.1,28.9,,1.3,48.6,14.4,26.63,0
168,여수,2020-06-09,19,30.1,,1.3,54.1,14.4,26.29,1.1
168,여수,2020-06-10,22.3,28.8,.4,1.7,74.3,14.5,21.45,6.3
168,여수,2020-06-11,21.8,26.2,6.7,1.7,97.3,14.5,13.13,8.5
168,여수,2020-06-12,21.7,26.5,43,1.7,93.9,14.5,16.14,9
168,여수,2020-06-13,21.8,22.8,71.6,1.6,100,14.5,3.5,10
168,여수,2020-06-14,22,26.3,9.8,5.6,89.4,14.5,9.59,8.1
168,여수,2020-06-15,20.5,26.6,,3.8,66.4,14.5,27.48,5.6
168,여수,2020-06-16,21.6,29.7,,3,60.1,14.5,28.38,6
168,여수,2020-06-17,17.6,23.9,.7,2.3,83.6,14.5,11.75,8.6
168,여수,2020-06-18,17,19.2,68.9,5,97.8,14.5,1.81,10
168,여수,2020-06-19,18.1,25.8,2.3,3.5,81.4,14.5,21.05,8
168,여수,2020-06-20,19.8,23.9,.1,1.2,85.9,14.5,15.88,6.1
168,여수,2020-06-21,19,24.6,,2.3,79,14.5,26.87,3.1
168,여수,2020-06-22,18.4,26,,1.6,75.6,14.5,28.66,0
168,여수,2020-06-23,19.3,26.2,,1.5,74.6,14.5,26.89,4.5
168,여수,2020-06-24,21.8,23.4,69.9,3.2,92.8,14.5,3.89,9.9
168,여수,2020-06-25,20.9,22.4,11.4,3,99.4,14.5,2.11,9.4
168,여수,2020-06-26,20.1,28.3,,4.2,80.1,14.5,27.71,4.5
168,여수,2020-06-27,20.2,26.5,,.9,87.4,14.5,14.99,6.3
168,여수,2020-06-28,21.7,28.7,,2.9,79.1,14.5,24.6,3.9
168,여수,2020-06-29,20,24,80.5,4.5,97.9,14.5,2.41,9.4
168,여수,2020-06-30,20.1,24.1,.4,8.8,81.9,14.5,10.11,7.6
168,여수,2020-07-01,19.8,26.3,,3.9,71.4,14.5,20.59,5.4
168,여수,2020-07-02,20.1,24.7,,2.1,78,14.4,14.31,7.9
168,여수,2020-07-03,19.1,22.1,10.9,5.6,81.5,14.4,5.19,10
168,여수,2020-07-04,19.5,23.5,.1,3,79.5,14.4,10.58,9
168,여수,2020-07-05,20.3,24.7,,1.3,82.9,14.4,15.98,8.1
168,여수,2020-07-06,21.2,23.4,1,1.7,95.6,14.4,2.93,9.5
168,여수,2020-07-07,21.6,26.4,.2,2.5,93.8,14.4,19.34,8.3
168,여수,2020-07-08,21.8,27.8,,2,84.3,14.4,23.53,4.6
168,여수,2020-07-09,21.2,25.3,1.5,2.9,92.3,14.4,10.34,8
168,여수,2020-07-10,21.9,26,63.2,4.1,96,14.4,10.67,9.1
168,여수,2020-07-11,21.1,25.9,,3.3,90.1,14.3,12.52,8.3
168,여수,2020-07-12,19.6,21.7,68.2,3.6,98.6,14.3,1.6,10
168,여수,2020-07-13,19.3,20.6,116.7,4.4,100,14.3,.62,9.8
168,여수,2020-07-14,19.5,23.5,1.4,3.9,90.3,14.3,12.92,8
168,여수,2020-07-15,19.1,20.4,1.2,1.3,95.1,14.3,4.56,10
168,여수,2020-07-16,19.6,24.9,,1.7,83.1,14.2,22.42,5.8
168,여수,2020-07-17,20.8,26,,1.3,81.8,14.2,22.59,6.3
168,여수,2020-07-18,20.4,23.6,0,1.9,85.8,14.2,11.22,9.3
168,여수,2020-07-19,21.5,26.9,18,4.7,97.4,14.2,1.8,10
168,여수,2020-07-20,23,27,.8,4.8,95.4,14.2,12.7,9.6
168,여수,2020-07-21,22.6,25.8,24.2,1.9,90.9,14.2,12.11,9
168,여수,2020-07-22,22.4,24.3,12.2,1.7,99.9,14.1,3.36,9.3
168,여수,2020-07-23,21.5,25.1,114.7,4.6,99.4,14.1,1.51,9.6
168,여수,2020-07-24,20.3,22.5,9.4,6.3,97.1,14.1,2.8,9.8
168,여수,2020-07-25,20.7,23.4,1.4,3.5,96,14.1,9.34,9.3
168,여수,2020-07-26,20.1,26.2,,1.7,84.4,14,26.88,5.6
168,여수,2020-07-27,22,23.9,16.4,2.4,95.4,14,3.85,10
168,여수,2020-07-28,22.9,26.8,2.8,1.7,99.4,14,6.39,9.8
168,여수,2020-07-29,23.4,28.1,.3,1.4,99.1,14,11.83,9.1
168,여수,2020-07-30,23.2,29.5,87.4,2.4,96.9,13.9,16.37,8.3
168,여수,2020-07-31,23.7,29,,3.1,93,13.9,20.39,7.5
168,여수,2020-08-01,24.4,29,,2.6,91.9,13.9,18.5,7.5
168,여수,2020-08-02,25.2,28.9,,3.3,95.4,13.8,17.44,9.1
168,여수,2020-08-03,25.4,28,,3.9,95,13.8,9.89,9
168,여수,2020-08-04,25.7,30.4,,1.9,91.4,13.8,20.7,7.8
168,여수,2020-08-05,26.2,29.3,0,3.2,87.9,13.8,10.29,8.8
168,여수,2020-08-06,25.1,27.7,9.1,7.1,97.9,13.7,4.42,9.6
168,여수,2020-08-07,24.9,26.7,2.5,3.8,98.9,13.7,2.47,10
168,여수,2020-08-08,24.7,26.1,10.4,5,98.4,13.7,2,10
168,여수,2020-08-09,25.5,29.3,,5.8,88.8,13.7,18.62,7.5
168,여수,2020-08-10,24.8,27.1,68.1,3.2,99.3,13.6,3.31,10
168,여수,2020-08-11,25,28.1,14.8,3,98.1,13.6,8.06,8.8
168,여수,2020-08-12,25.5,28.5,5.4,3.3,96.5,13.6,11.2,8.5
168,여수,2020-08-13,25.4,29.9,,2.5,91.3,13.5,23.88,4.1
168,여수,2020-08-14,25.9,30,,4.6,91,13.5,24.19,5.5
168,여수,2020-08-15,25.8,31.1,,3.4,87.1,13.5,24.86,1.6
168,여수,2020-08-16,25.2,30.8,,3.2,84,13.4,24.03,2.5
168,여수,2020-08-17,25.9,32.6,,2.7,78.9,13.4,24.83,.8
168,여수,2020-08-18,26.3,32.5,,1.9,81.1,13.4,24.16,0
168,여수,2020-08-19,26,32.5,,2,78.3,13.3,24.05,0
168,여수,2020-08-20,25.2,32.4,,1,78.4,13.3,23.63,0
168,여수,2020-08-21,25,30.6,,1.4,83.6,13.3,23.21,1.9
168,여수,2020-08-22,25.2,30.6,,2,77.5,13.2,15.39,8.3
168,여수,2020-08-23,24.5,30.8,,1.1,82.1,13.2,18.68,4.9
168,여수,2020-08-24,24.4,31.2,,1.4,84.1,13.2,20.88,2
168,여수,2020-08-25,24.6,32.2,0,3.2,73.9,13.1,22.38,3.5
168,여수,2020-08-26,25.5,29.4,62.5,6.6,85.9,13.1,6.47,7.9
168,여수,2020-08-27,26,29.4,1,3.6,93.1,13.1,11.02,9.9
168,여수,2020-08-28,24.9,27.2,.5,1,96.1,13,8.68,8.3
168,여수,2020-08-29,24.6,28.4,5.8,1.4,92.9,13,14.01,6.9
168,여수,2020-08-30,25.6,31.1,,1.2,86.4,13,22.06,5.4
168,여수,2020-08-31,25.4,30,0,3.9,80.9,12.9,16.24,5.9
168,여수,2020-09-01,24.1,28.4,0,5.9,76.9,12.9,13.21,8.1
168,여수,2020-09-02,24.1,26.6,86.3,9.3,87.6,12.9,2.21,10
168,여수,2020-09-03,22.8,28.8,31.1,8.4,69.1,12.8,21.65,4
168,여수,2020-09-04,21.1,27.2,,1.9,75.5,12.8,21.04,1.9
168,여수,2020-09-05,18.8,22.6,14,3.5,88.9,12.8,2.3,9.9
168,여수,2020-09-06,18.7,22.9,7.6,7.3,83.1,12.7,2.59,10
168,여수,2020-09-07,20,23.2,15,10.2,79.8,12.7,6.69,8.1
168,여수,2020-09-08,22.1,26.9,,4.5,85.3,12.7,20.48,3.5
168,여수,2020-09-09,20.2,25.9,12.3,2.5,86.1,12.6,15.14,6.4
168,여수,2020-09-10,21.8,27.6,,1.2,83.6,12.6,20.08,6.6
168,여수,2020-09-11,22.4,24.6,.2,4.6,79.4,12.6,5.81,9.9
168,여수,2020-09-12,21.1,25.9,.2,5.5,75,12.5,18.59,7.9
168,여수,2020-09-13,19.6,23.5,1.9,2.5,80.3,12.5,10.27,8.5
168,여수,2020-09-14,21.2,25.9,.1,2.1,82.4,12.4,15.81,7.8
168,여수,2020-09-15,21.3,27,,2.5,81,12.4,18.2,6.9
168,여수,2020-09-16,21.3,23.2,6.1,2.2,94.1,12.4,3.04,9.5
168,여수,2020-09-17,19.5,22.3,5.6,1.5,89.9,12.3,3.79,9.5
168,여수,2020-09-18,18.3,22.2,.6,3,74.6,12.3,8.08,8.4
168,여수,2020-09-19,17.3,25.8,,2.8,62.5,12.3,17.45,3
168,여수,2020-09-20,17.6,26.2,,3.6,51.9,12.2,20.34,0
168,여수,2020-09-21,17.8,23.5,,3.3,58.1,12.2,17.36,3.6
168,여수,2020-09-22,18.4,22.3,,6.2,62.6,12.2,15.14,5.8
168,여수,2020-09-23,18.2,22.4,0,6,64.8,12.1,8.34,8.8
168,여수,2020-09-24,18.7,23.4,.2,5.9,66.3,12.1,13.05,6.3
168,여수,2020-09-25,19,25.4,,4.1,63.8,12.1,16.7,4.5
168,여수,2020-09-26,19.5,25.3,,3.4,61.5,12,18.48,4.5
168,여수,2020-09-27,19.2,24,,4.8,66,12,18.19,2.8
168,여수,2020-09-28,17.3,23,,3.4,64,11.9,18.31,1.9
168,여수,2020-09-29,16.5,23.9,,2.4,69.5,11.9,14.46,4.9
168,여수,2020-09-30,18,25.2,,2,65.8,11.9,17.2,4
168,여수,2020-10-01,19.2,24.2,,2.3,74.5,11.8,17.31,4.1
168,여수,2020-10-02,18.7,24.5,,2.7,76.8,11.8,17.9,4.4
168,여수,2020-10-03,19.9,25.9,,1.9,67.9,11.8,15.55,7.3
168,여수,2020-10-04,17.4,24.3,0,3.2,70.5,11.7,8.18,9.6
168,여수,2020-10-05,13,20.9,,5.8,47.5,11.7,17.71,2.5
168,여수,2020-10-06,13.6,21.5,,2.7,52.3,11.6,17.64,3.4
168,여수,2020-10-07,16.1,21.6,,5.2,53.8,11.6,16.79,3.9
168,여수,2020-10-08,17,22,,9.5,53.8,11.6,17.29,.4
168,여수,2020-10-09,16.5,22.1,,7.9,53.4,11.5,16.35,3.5
168,여수,2020-10-10,17.8,22.1,,4.3,63.1,11.5,15.36,3.9
168,여수,2020-10-11,16.4,21.7,,3.5,63,11.5,16.23,3.3
168,여수,2020-10-12,16.6,24.3,,3.3,62.3,11.4,15.8,3.5
168,여수,2020-10-13,14.5,22.5,,5.1,47,11.4,13.02,5.9
168,여수,2020-10-14,13.1,21.1,,3.5,45.9,11.4,13.55,4.8
168,여수,2020-10-15,13.8,20.4,,3.2,35.3,11.3,13.38,7.3
168,여수,2020-10-16,15.1,17.5,0,3.5,53.3,11.3,2.73,8.3
168,여수,2020-10-17,13.2,21.6,,2.5,57.5,11.3,15.12,2.5
168,여수,2020-10-18,14.4,22.4,,2.6,61.3,11.2,14.84,5
168,여수,2020-10-19,14.6,20.6,,2.6,52.6,11.2,15.3,2.9
168,여수,2020-10-20,14,21.8,,3.4,63.4,11.2,15.54,.6
168,여수,2020-10-21,14.5,18.6,26,4.6,80.9,11.1,3.14,9.4
168,여수,2020-10-22,12,18.6,1.6,3.8,71.4,11.1,6.96,8.4
168,여수,2020-10-23,10,17,,6.9,46.4,11.1,17.09,0
168,여수,2020-10-24,8.9,17.7,,6.8,46.3,11,16.53,0
168,여수,2020-10-25,11.2,21.4,,4.8,52.3,11,14.58,1.4
168,여수,2020-10-26,10.9,20.1,,1.8,62.9,11,14.13,1.4
168,여수,2020-10-27,11.8,20.5,,2,67.3,10.9,12.73,3.8
168,여수,2020-10-28,14,19.1,,3.1,60.4,10.9,3.8,6.4
168,여수,2020-10-29,10.6,18.7,,2.9,42,10.9,13.35,4.3
168,여수,2020-10-30,11.7,18.5,,3.6,48.9,10.8,13.51,1.3
168,여수,2020-10-31,12.4,18.5,,3.3,60.4,10.8,13.8,.9
168,여수,2020-11-01,13.3,19.2,.6,1.6,71.4,10.8,7.41,9.3
168,여수,2020-11-02,12.6,18.3,1.7,2.6,62.6,10.7,7.08,6.8
168,여수,2020-11-03,6.6,13.3,,6.6,46.1,10.7,13.89,.9
168,여수,2020-11-04,5.7,14.8,,3.5,40.9,10.7,13.46,.3
